[{"@type":"dssTask","id":"@1","name":"DB_to_DB","description":"TEST1","preProcessingCmd":"CREATE INDEX idx_LastName\r\nON Account (LastName);","postProcessingCmd":"CREATE INDEX idx_City\r\nON Account (City);","maxLogs":10,"sourceConnectionId":"@9JY5YQxRusyf6uZLHWfpIX","targetConnectionId":"@9JY5YQxRusyf6uZLHWfpIX","targetObject":"DR_ACCOUNT","targetObjectLabel":"DR_ACCOUNT","operation":"Upsert","maxRows":0,"truncateTarget":false,"bulkApiDBTarget":false,"verbose":false,"targetMetadataUpdated":false,"modelVersion":"V3-R600","queryAll":false,"srcSettings":{"@type":"taskDataSourceSetting","isShowLabels":false,"isNaturalOrder":true},"tgtSettings":{"@type":"taskDataSourceSetting","isShowLabels":false,"isNaturalOrder":true},"cfSettings":{"@type":"taskDataSourceSetting","isShowLabels":false,"isNaturalOrder":false},"bulkApi":false,"bulkApiSerialMode":false,"bulkApiMonitor":false,"isTargetObjectSfCustom":false,"allowNullUpdates":false,"targetBatchSize":200,"assignmentRuleId":"-1","assignmentRuleType":"None","createSuccessFile":false,"bulkApiHardDelete":false,"srcRuntimeAttrs":{"@type":"taskRuntimeAttrs","attrs":{}},"tgtRuntimeAttrs":{"@type":"taskRuntimeAttrs","attrs":{}},"parameterFileEncoding":"UTF-8","serverlessProperties":{},"sourceObjects":[{"@type":"mObject","name":"ACCOUNT","label":"ACCOUNT","metadataUpdated":false,"relations":[],"children":[]}],"advancedFilters":[],"filters":[],"fieldMaps":[{"@type":"fieldMap","id":"47446972","targetField":{"@type":"field","id":201645847,"name":"ID","type":"nvarchar","uniqueName":"ID","label":"ID","parentObject":"DR_ACCOUNT","pcType":"UNISTRING","precision":36,"scale":0,"columnIndex":0,"isKey":false,"isWaterMarkKey":false,"isExternalId":false,"isSfIdLookup":false,"isNullable":true,"isUnique":false,"isCreateable":false,"isUpdateable":true,"isFilterable":true,"isCalculated":false,"showLabel":false,"naturalOrder":0,"typeConfigFields":[],"linkedFields":[],"relatedInfos":[],"references":[]}},{"@type":"fieldMap","id":"47446973","targetField":{"@type":"field","id":201645848,"name":"ISDELETED","type":"double","uniqueName":"ISDELETED","label":"ISDELETED","parentObject":"DR_ACCOUNT","pcType":"FLOAT","precision":15,"scale":0,"columnIndex":1,"isKey":false,"isWaterMarkKey":false,"isExternalId":false,"isSfIdLookup":false,"isNullable":true,"isUnique":false,"isCreateable":false,"isUpdateable":true,"isFilterable":true,"isCalculated":false,"showLabel":false,"naturalOrder":1,"typeConfigFields":[],"linkedFields":[],"relatedInfos":[],"references":[]}},{"@type":"fieldMap","id":"47446974","targetField":{"@type":"field","id":201645849,"name":"NAME","type":"nvarchar","uniqueName":"NAME","label":"NAME","parentObject":"DR_ACCOUNT","pcType":"UNISTRING","precision":510,"scale":0,"columnIndex":2,"isKey":false,"isWaterMarkKey":false,"isExternalId":false,"isSfIdLookup":false,"isNullable":true,"isUnique":false,"isCreateable":false,"isUpdateable":true,"isFilterable":true,"isCalculated":false,"showLabel":false,"naturalOrder":2,"typeConfigFields":[],"linkedFields":["FULLNAME"],"relatedInfos":[],"references":[]},"expression":"FULLNAME"},{"@type":"fieldMap","id":"47446975","targetField":{"@type":"field","id":201645850,"name":"TYPE","type":"nvarchar","uniqueName":"TYPE","label":"TYPE","parentObject":"DR_ACCOUNT","pcType":"UNISTRING","precision":510,"scale":0,"columnIndex":3,"isKey":false,"isWaterMarkKey":false,"isExternalId":false,"isSfIdLookup":false,"isNullable":true,"isUnique":false,"isCreateable":false,"isUpdateable":true,"isFilterable":true,"isCalculated":false,"showLabel":false,"naturalOrder":3,"typeConfigFields":[],"linkedFields":[],"relatedInfos":[],"references":[]}},{"@type":"fieldMap","id":"47446976","targetField":{"@type":"field","id":201645851,"name":"PARENTID","type":"nvarchar","uniqueName":"PARENTID","label":"PARENTID","parentObject":"DR_ACCOUNT","pcType":"UNISTRING","precision":36,"scale":0,"columnIndex":4,"isKey":false,"isWaterMarkKey":false,"isExternalId":false,"isSfIdLookup":false,"isNullable":true,"isUnique":false,"isCreateable":false,"isUpdateable":true,"isFilterable":true,"isCalculated":false,"showLabel":false,"naturalOrder":4,"typeConfigFields":[],"linkedFields":[],"relatedInfos":[],"references":[]}},{"@type":"fieldMap","id":"47446977","targetField":{"@type":"field","id":201645852,"name":"BILLINGSTREET","type":"nvarchar","uniqueName":"BILLINGSTREET","label":"BILLINGSTREET","parentObject":"DR_ACCOUNT","pcType":"UNISTRING","precision":510,"scale":0,"columnIndex":5,"isKey":false,"isWaterMarkKey":false,"isExternalId":false,"isSfIdLookup":false,"isNullable":true,"isUnique":false,"isCreateable":false,"isUpdateable":true,"isFilterable":true,"isCalculated":false,"showLabel":false,"naturalOrder":5,"typeConfigFields":[],"linkedFields":["ADDRESS"],"relatedInfos":[],"references":[]},"expression":"ADDRESS"},{"@type":"fieldMap","id":"47446978","targetField":{"@type":"field","id":201645853,"name":"BILLINGCITY","type":"nvarchar","uniqueName":"BILLINGCITY","label":"BILLINGCITY","parentObject":"DR_ACCOUNT","pcType":"UNISTRING","precision":80,"scale":0,"columnIndex":6,"isKey":false,"isWaterMarkKey":false,"isExternalId":false,"isSfIdLookup":false,"isNullable":true,"isUnique":false,"isCreateable":false,"isUpdateable":true,"isFilterable":true,"isCalculated":false,"showLabel":false,"naturalOrder":6,"typeConfigFields":[],"linkedFields":["CITY"],"relatedInfos":[],"references":[]},"expression":"CITY"},{"@type":"fieldMap","id":"47446979","targetField":{"@type":"field","id":201645854,"name":"BILLINGSTATE","type":"nvarchar","uniqueName":"BILLINGSTATE","label":"BILLINGSTATE","parentObject":"DR_ACCOUNT","pcType":"UNISTRING","precision":160,"scale":0,"columnIndex":7,"isKey":false,"isWaterMarkKey":false,"isExternalId":false,"isSfIdLookup":false,"isNullable":true,"isUnique":false,"isCreateable":false,"isUpdateable":true,"isFilterable":true,"isCalculated":false,"showLabel":false,"naturalOrder":7,"typeConfigFields":[],"linkedFields":[],"relatedInfos":[],"references":[]}},{"@type":"fieldMap","id":"47446980","targetField":{"@type":"field","id":201645855,"name":"BILLINGPOSTALCODE","type":"nvarchar","uniqueName":"BILLINGPOSTALCODE","label":"BILLINGPOSTALCODE","parentObject":"DR_ACCOUNT","pcType":"UNISTRING","precision":40,"scale":0,"columnIndex":8,"isKey":false,"isWaterMarkKey":false,"isExternalId":false,"isSfIdLookup":false,"isNullable":true,"isUnique":false,"isCreateable":false,"isUpdateable":true,"isFilterable":true,"isCalculated":false,"showLabel":false,"naturalOrder":8,"typeConfigFields":[],"linkedFields":[],"relatedInfos":[],"references":[]}},{"@type":"fieldMap","id":"47446981","targetField":{"@type":"field","id":201645856,"name":"BILLINGCOUNTRY","type":"nvarchar","uniqueName":"BILLINGCOUNTRY","label":"BILLINGCOUNTRY","parentObject":"DR_ACCOUNT","pcType":"UNISTRING","precision":160,"scale":0,"columnIndex":9,"isKey":false,"isWaterMarkKey":false,"isExternalId":false,"isSfIdLookup":false,"isNullable":true,"isUnique":false,"isCreateable":false,"isUpdateable":true,"isFilterable":true,"isCalculated":false,"showLabel":false,"naturalOrder":9,"typeConfigFields":[],"linkedFields":[],"relatedInfos":[],"references":[]}},{"@type":"fieldMap","id":"47446982","targetField":{"@type":"field","id":201645857,"name":"BILLINGLATITUDE","type":"decimal","uniqueName":"BILLINGLATITUDE","label":"BILLINGLATITUDE","parentObject":"DR_ACCOUNT","pcType":"HIPRECDECIMAL","precision":18,"scale":15,"columnIndex":10,"isKey":false,"isWaterMarkKey":false,"isExternalId":false,"isSfIdLookup":false,"isNullable":true,"isUnique":false,"isCreateable":false,"isUpdateable":true,"isFilterable":true,"isCalculated":false,"showLabel":false,"naturalOrder":10,"typeConfigFields":[],"linkedFields":[],"relatedInfos":[],"references":[]}},{"@type":"fieldMap","id":"47446983","targetField":{"@type":"field","id":201645858,"name":"BILLINGLONGITUDE","type":"decimal","uniqueName":"BILLINGLONGITUDE","label":"BILLINGLONGITUDE","parentObject":"DR_ACCOUNT","pcType":"HIPRECDECIMAL","precision":18,"scale":15,"columnIndex":11,"isKey":false,"isWaterMarkKey":false,"isExternalId":false,"isSfIdLookup":false,"isNullable":true,"isUnique":false,"isCreateable":false,"isUpdateable":true,"isFilterable":true,"isCalculated":false,"showLabel":false,"naturalOrder":11,"typeConfigFields":[],"linkedFields":[],"relatedInfos":[],"references":[]}},{"@type":"fieldMap","id":"47446984","targetField":{"@type":"field","id":201645859,"name":"BILLINGGEOCODEACCURACY","type":"nvarchar","uniqueName":"BILLINGGEOCODEACCURACY","label":"BILLINGGEOCODEACCURACY","parentObject":"DR_ACCOUNT","pcType":"UNISTRING","precision":80,"scale":0,"columnIndex":12,"isKey":false,"isWaterMarkKey":false,"isExternalId":false,"isSfIdLookup":false,"isNullable":true,"isUnique":false,"isCreateable":false,"isUpdateable":true,"isFilterable":true,"isCalculated":false,"showLabel":false,"naturalOrder":12,"typeConfigFields":[],"linkedFields":[],"relatedInfos":[],"references":[]}},{"@type":"fieldMap","id":"47446985","targetField":{"@type":"field","id":201645860,"name":"PHONE","type":"nvarchar","uniqueName":"PHONE","label":"PHONE","parentObject":"DR_ACCOUNT","pcType":"UNISTRING","precision":80,"scale":0,"columnIndex":13,"isKey":false,"isWaterMarkKey":false,"isExternalId":false,"isSfIdLookup":false,"isNullable":true,"isUnique":false,"isCreateable":false,"isUpdateable":true,"isFilterable":true,"isCalculated":false,"showLabel":false,"naturalOrder":13,"typeConfigFields":[],"linkedFields":[],"relatedInfos":[],"references":[]}},{"@type":"fieldMap","id":"47446986","targetField":{"@type":"field","id":201645861,"name":"FAX","type":"nvarchar","uniqueName":"FAX","label":"FAX","parentObject":"DR_ACCOUNT","pcType":"UNISTRING","precision":80,"scale":0,"columnIndex":14,"isKey":false,"isWaterMarkKey":false,"isExternalId":false,"isSfIdLookup":false,"isNullable":true,"isUnique":false,"isCreateable":false,"isUpdateable":true,"isFilterable":true,"isCalculated":false,"showLabel":false,"naturalOrder":14,"typeConfigFields":[],"linkedFields":[],"relatedInfos":[],"references":[]}},{"@type":"fieldMap","id":"47446987","targetField":{"@type":"field","id":201645862,"name":"ACCOUNTNUMBER","type":"nvarchar","uniqueName":"ACCOUNTNUMBER","label":"ACCOUNTNUMBER","parentObject":"DR_ACCOUNT","pcType":"UNISTRING","precision":80,"scale":0,"columnIndex":15,"isKey":false,"isWaterMarkKey":false,"isExternalId":false,"isSfIdLookup":false,"isNullable":true,"isUnique":false,"isCreateable":false,"isUpdateable":true,"isFilterable":true,"isCalculated":false,"showLabel":false,"naturalOrder":15,"typeConfigFields":[],"linkedFields":["ACCNUMBER"],"relatedInfos":[],"references":[]},"expression":"ACCNUMBER"},{"@type":"fieldMap","id":"47446988","targetField":{"@type":"field","id":201645863,"name":"WEBSITE","type":"nvarchar","uniqueName":"WEBSITE","label":"WEBSITE","parentObject":"DR_ACCOUNT","pcType":"UNISTRING","precision":510,"scale":0,"columnIndex":16,"isKey":false,"isWaterMarkKey":false,"isExternalId":false,"isSfIdLookup":false,"isNullable":true,"isUnique":false,"isCreateable":false,"isUpdateable":true,"isFilterable":true,"isCalculated":false,"showLabel":false,"naturalOrder":16,"typeConfigFields":[],"linkedFields":[],"relatedInfos":[],"references":[]}},{"@type":"fieldMap","id":"47446989","targetField":{"@type":"field","id":201645864,"name":"PHOTOURL","type":"nvarchar","uniqueName":"PHOTOURL","label":"PHOTOURL","parentObject":"DR_ACCOUNT","pcType":"UNISTRING","precision":510,"scale":0,"columnIndex":17,"isKey":false,"isWaterMarkKey":false,"isExternalId":false,"isSfIdLookup":false,"isNullable":true,"isUnique":false,"isCreateable":false,"isUpdateable":true,"isFilterable":true,"isCalculated":false,"showLabel":false,"naturalOrder":17,"typeConfigFields":[],"linkedFields":[],"relatedInfos":[],"references":[]}},{"@type":"fieldMap","id":"47446990","targetField":{"@type":"field","id":201645865,"name":"SIC","type":"nvarchar","uniqueName":"SIC","label":"SIC","parentObject":"DR_ACCOUNT","pcType":"UNISTRING","precision":40,"scale":0,"columnIndex":18,"isKey":false,"isWaterMarkKey":false,"isExternalId":false,"isSfIdLookup":false,"isNullable":true,"isUnique":false,"isCreateable":false,"isUpdateable":true,"isFilterable":true,"isCalculated":false,"showLabel":false,"naturalOrder":18,"typeConfigFields":[],"linkedFields":[],"relatedInfos":[],"references":[]}},{"@type":"fieldMap","id":"47446991","targetField":{"@type":"field","id":201645866,"name":"INDUSTRY","type":"nvarchar","uniqueName":"INDUSTRY","label":"INDUSTRY","parentObject":"DR_ACCOUNT","pcType":"UNISTRING","precision":510,"scale":0,"columnIndex":19,"isKey":false,"isWaterMarkKey":false,"isExternalId":false,"isSfIdLookup":false,"isNullable":true,"isUnique":false,"isCreateable":false,"isUpdateable":true,"isFilterable":true,"isCalculated":false,"showLabel":false,"naturalOrder":19,"typeConfigFields":[],"linkedFields":[],"relatedInfos":[],"references":[]}},{"@type":"fieldMap","id":"47446992","targetField":{"@type":"field","id":201645867,"name":"ANNUALREVENUE","type":"double","uniqueName":"ANNUALREVENUE","label":"ANNUALREVENUE","parentObject":"DR_ACCOUNT","pcType":"FLOAT","precision":15,"scale":0,"columnIndex":20,"isKey":false,"isWaterMarkKey":false,"isExternalId":false,"isSfIdLookup":false,"isNullable":true,"isUnique":false,"isCreateable":false,"isUpdateable":true,"isFilterable":true,"isCalculated":false,"showLabel":false,"naturalOrder":20,"typeConfigFields":[],"linkedFields":[],"relatedInfos":[],"references":[]}},{"@type":"fieldMap","id":"47446993","targetField":{"@type":"field","id":201645868,"name":"NUMBEROFEMPLOYEES","type":"double","uniqueName":"NUMBEROFEMPLOYEES","label":"NUMBEROFEMPLOYEES","parentObject":"DR_ACCOUNT","pcType":"FLOAT","precision":15,"scale":0,"columnIndex":21,"isKey":false,"isWaterMarkKey":false,"isExternalId":false,"isSfIdLookup":false,"isNullable":true,"isUnique":false,"isCreateable":false,"isUpdateable":true,"isFilterable":true,"isCalculated":false,"showLabel":false,"naturalOrder":21,"typeConfigFields":[],"linkedFields":[],"relatedInfos":[],"references":[]}},{"@type":"fieldMap","id":"47446994","targetField":{"@type":"field","id":201645869,"name":"OWNERSHIP","type":"nvarchar","uniqueName":"OWNERSHIP","label":"OWNERSHIP","parentObject":"DR_ACCOUNT","pcType":"UNISTRING","precision":510,"scale":0,"columnIndex":22,"isKey":false,"isWaterMarkKey":false,"isExternalId":false,"isSfIdLookup":false,"isNullable":true,"isUnique":false,"isCreateable":false,"isUpdateable":true,"isFilterable":true,"isCalculated":false,"showLabel":false,"naturalOrder":22,"typeConfigFields":[],"linkedFields":[],"relatedInfos":[],"references":[]}},{"@type":"fieldMap","id":"47446995","targetField":{"@type":"field","id":201645870,"name":"TICKERSYMBOL","type":"nvarchar","uniqueName":"TICKERSYMBOL","label":"TICKERSYMBOL","parentObject":"DR_ACCOUNT","pcType":"UNISTRING","precision":40,"scale":0,"columnIndex":23,"isKey":false,"isWaterMarkKey":false,"isExternalId":false,"isSfIdLookup":false,"isNullable":true,"isUnique":false,"isCreateable":false,"isUpdateable":true,"isFilterable":true,"isCalculated":false,"showLabel":false,"naturalOrder":23,"typeConfigFields":[],"linkedFields":[],"relatedInfos":[],"references":[]}},{"@type":"fieldMap","id":"47446996","targetField":{"@type":"field","id":201645871,"name":"DESCRIPTION","type":"ntext","uniqueName":"DESCRIPTION","label":"DESCRIPTION","parentObject":"DR_ACCOUNT","pcType":"UNISTRING","precision":32000,"scale":0,"columnIndex":24,"isKey":false,"isWaterMarkKey":false,"isExternalId":false,"isSfIdLookup":false,"isNullable":true,"isUnique":false,"isCreateable":false,"isUpdateable":true,"isFilterable":false,"isCalculated":false,"showLabel":false,"naturalOrder":24,"typeConfigFields":[],"linkedFields":[],"relatedInfos":[],"references":[]}},{"@type":"fieldMap","id":"47446997","targetField":{"@type":"field","id":201645872,"name":"RATING","type":"nvarchar","uniqueName":"RATING","label":"RATING","parentObject":"DR_ACCOUNT","pcType":"UNISTRING","precision":510,"scale":0,"columnIndex":25,"isKey":false,"isWaterMarkKey":false,"isExternalId":false,"isSfIdLookup":false,"isNullable":true,"isUnique":false,"isCreateable":false,"isUpdateable":true,"isFilterable":true,"isCalculated":false,"showLabel":false,"naturalOrder":25,"typeConfigFields":[],"linkedFields":[],"relatedInfos":[],"references":[]}},{"@type":"fieldMap","id":"47446998","targetField":{"@type":"field","id":201645873,"name":"SITE","type":"nvarchar","uniqueName":"SITE","label":"SITE","parentObject":"DR_ACCOUNT","pcType":"UNISTRING","precision":160,"scale":0,"columnIndex":26,"isKey":false,"isWaterMarkKey":false,"isExternalId":false,"isSfIdLookup":false,"isNullable":true,"isUnique":false,"isCreateable":false,"isUpdateable":true,"isFilterable":true,"isCalculated":false,"showLabel":false,"naturalOrder":26,"typeConfigFields":[],"linkedFields":[],"relatedInfos":[],"references":[]}},{"@type":"fieldMap","id":"47446999","targetField":{"@type":"field","id":201645874,"name":"OWNERID","type":"nvarchar","uniqueName":"OWNERID","label":"OWNERID","parentObject":"DR_ACCOUNT","pcType":"UNISTRING","precision":36,"scale":0,"columnIndex":27,"isKey":false,"isWaterMarkKey":false,"isExternalId":false,"isSfIdLookup":false,"isNullable":true,"isUnique":false,"isCreateable":false,"isUpdateable":true,"isFilterable":true,"isCalculated":false,"showLabel":false,"naturalOrder":27,"typeConfigFields":[],"linkedFields":[],"relatedInfos":[],"references":[]}},{"@type":"fieldMap","id":"47447000","targetField":{"@type":"field","id":201645875,"name":"CREATEDDATE","type":"timestamp","uniqueName":"CREATEDDATE","label":"CREATEDDATE","parentObject":"DR_ACCOUNT","pcType":"DATE","precision":23,"scale":3,"columnIndex":28,"isKey":false,"isWaterMarkKey":false,"isExternalId":false,"isSfIdLookup":false,"isNullable":true,"isUnique":false,"isCreateable":false,"isUpdateable":true,"isFilterable":true,"isCalculated":false,"showLabel":false,"naturalOrder":28,"typeConfigFields":[],"linkedFields":[],"relatedInfos":[],"references":[]}},{"@type":"fieldMap","id":"47447001","targetField":{"@type":"field","id":201645876,"name":"CREATEDBYID","type":"nvarchar","uniqueName":"CREATEDBYID","label":"CREATEDBYID","parentObject":"DR_ACCOUNT","pcType":"UNISTRING","precision":36,"scale":0,"columnIndex":29,"isKey":false,"isWaterMarkKey":false,"isExternalId":false,"isSfIdLookup":false,"isNullable":true,"isUnique":false,"isCreateable":false,"isUpdateable":true,"isFilterable":true,"isCalculated":false,"showLabel":false,"naturalOrder":29,"typeConfigFields":[],"linkedFields":[],"relatedInfos":[],"references":[]}},{"@type":"fieldMap","id":"47447002","targetField":{"@type":"field","id":201645877,"name":"SYSTEMMODSTAMP","type":"timestamp","uniqueName":"SYSTEMMODSTAMP","label":"SYSTEMMODSTAMP","parentObject":"DR_ACCOUNT","pcType":"DATE","precision":23,"scale":3,"columnIndex":30,"isKey":false,"isWaterMarkKey":false,"isExternalId":false,"isSfIdLookup":false,"isNullable":true,"isUnique":false,"isCreateable":false,"isUpdateable":true,"isFilterable":true,"isCalculated":false,"showLabel":false,"naturalOrder":30,"typeConfigFields":[],"linkedFields":[],"relatedInfos":[],"references":[]}},{"@type":"fieldMap","id":"47447003","targetField":{"@type":"field","id":201645878,"name":"JIGSAW","type":"nvarchar","uniqueName":"JIGSAW","label":"JIGSAW","parentObject":"DR_ACCOUNT","pcType":"UNISTRING","precision":40,"scale":0,"columnIndex":31,"isKey":false,"isWaterMarkKey":false,"isExternalId":false,"isSfIdLookup":false,"isNullable":true,"isUnique":false,"isCreateable":false,"isUpdateable":true,"isFilterable":true,"isCalculated":false,"showLabel":false,"naturalOrder":31,"typeConfigFields":[],"linkedFields":[],"relatedInfos":[],"references":[]}},{"@type":"fieldMap","id":"47447004","targetField":{"@type":"field","id":201645879,"name":"JIGSAWCOMPANYID","type":"nvarchar","uniqueName":"JIGSAWCOMPANYID","label":"JIGSAWCOMPANYID","parentObject":"DR_ACCOUNT","pcType":"UNISTRING","precision":40,"scale":0,"columnIndex":32,"isKey":false,"isWaterMarkKey":false,"isExternalId":false,"isSfIdLookup":false,"isNullable":true,"isUnique":false,"isCreateable":false,"isUpdateable":true,"isFilterable":true,"isCalculated":false,"showLabel":false,"naturalOrder":32,"typeConfigFields":[],"linkedFields":[],"relatedInfos":[],"references":[]}},{"@type":"fieldMap","id":"47447005","targetField":{"@type":"field","id":201645880,"name":"CLEANSTATUS","type":"nvarchar","uniqueName":"CLEANSTATUS","label":"CLEANSTATUS","parentObject":"DR_ACCOUNT","pcType":"UNISTRING","precision":80,"scale":0,"columnIndex":33,"isKey":false,"isWaterMarkKey":false,"isExternalId":false,"isSfIdLookup":false,"isNullable":true,"isUnique":false,"isCreateable":false,"isUpdateable":true,"isFilterable":true,"isCalculated":false,"showLabel":false,"naturalOrder":33,"typeConfigFields":[],"linkedFields":[],"relatedInfos":[],"references":[]}},{"@type":"fieldMap","id":"47447006","targetField":{"@type":"field","id":201645881,"name":"ACCOUNTSOURCE","type":"nvarchar","uniqueName":"ACCOUNTSOURCE","label":"ACCOUNTSOURCE","parentObject":"DR_ACCOUNT","pcType":"UNISTRING","precision":510,"scale":0,"columnIndex":34,"isKey":false,"isWaterMarkKey":false,"isExternalId":false,"isSfIdLookup":false,"isNullable":true,"isUnique":false,"isCreateable":false,"isUpdateable":true,"isFilterable":true,"isCalculated":false,"showLabel":false,"naturalOrder":34,"typeConfigFields":[],"linkedFields":[],"relatedInfos":[],"references":[]}},{"@type":"fieldMap","id":"47447007","targetField":{"@type":"field","id":201645882,"name":"DUNSNUMBER","type":"nvarchar","uniqueName":"DUNSNUMBER","label":"DUNSNUMBER","parentObject":"DR_ACCOUNT","pcType":"UNISTRING","precision":18,"scale":0,"columnIndex":35,"isKey":false,"isWaterMarkKey":false,"isExternalId":false,"isSfIdLookup":false,"isNullable":true,"isUnique":false,"isCreateable":false,"isUpdateable":true,"isFilterable":true,"isCalculated":false,"showLabel":false,"naturalOrder":35,"typeConfigFields":[],"linkedFields":[],"relatedInfos":[],"references":[]}},{"@type":"fieldMap","id":"47447008","targetField":{"@type":"field","id":201645883,"name":"TRADESTYLE","type":"nvarchar","uniqueName":"TRADESTYLE","label":"TRADESTYLE","parentObject":"DR_ACCOUNT","pcType":"UNISTRING","precision":510,"scale":0,"columnIndex":36,"isKey":false,"isWaterMarkKey":false,"isExternalId":false,"isSfIdLookup":false,"isNullable":true,"isUnique":false,"isCreateable":false,"isUpdateable":true,"isFilterable":true,"isCalculated":false,"showLabel":false,"naturalOrder":36,"typeConfigFields":[],"linkedFields":[],"relatedInfos":[],"references":[]}},{"@type":"fieldMap","id":"47447009","targetField":{"@type":"field","id":201645884,"name":"YEARSTARTED","type":"nvarchar","uniqueName":"YEARSTARTED","label":"YEARSTARTED","parentObject":"DR_ACCOUNT","pcType":"UNISTRING","precision":8,"scale":0,"columnIndex":37,"isKey":false,"isWaterMarkKey":false,"isExternalId":false,"isSfIdLookup":false,"isNullable":true,"isUnique":false,"isCreateable":false,"isUpdateable":true,"isFilterable":true,"isCalculated":false,"showLabel":false,"naturalOrder":37,"typeConfigFields":[],"linkedFields":[],"relatedInfos":[],"references":[]}},{"@type":"fieldMap","id":"47447010","targetField":{"@type":"field","id":201645885,"name":"SICDESC","type":"nvarchar","uniqueName":"SICDESC","label":"SICDESC","parentObject":"DR_ACCOUNT","pcType":"UNISTRING","precision":160,"scale":0,"columnIndex":38,"isKey":false,"isWaterMarkKey":false,"isExternalId":false,"isSfIdLookup":false,"isNullable":true,"isUnique":false,"isCreateable":false,"isUpdateable":true,"isFilterable":true,"isCalculated":false,"showLabel":false,"naturalOrder":38,"typeConfigFields":[],"linkedFields":[],"relatedInfos":[],"references":[]}},{"@type":"fieldMap","id":"47447011","targetField":{"@type":"field","id":201645886,"name":"DANDBCOMPANYID","type":"nvarchar","uniqueName":"DANDBCOMPANYID","label":"DANDBCOMPANYID","parentObject":"DR_ACCOUNT","pcType":"UNISTRING","precision":36,"scale":0,"columnIndex":39,"isKey":false,"isWaterMarkKey":false,"isExternalId":false,"isSfIdLookup":false,"isNullable":true,"isUnique":false,"isCreateable":false,"isUpdateable":true,"isFilterable":true,"isCalculated":false,"showLabel":false,"naturalOrder":39,"typeConfigFields":[],"linkedFields":[],"relatedInfos":[],"references":[]}},{"@type":"fieldMap","id":"47447012","targetField":{"@type":"field","id":201645887,"name":"OPERATINGHOURSID","type":"nvarchar","uniqueName":"OPERATINGHOURSID","label":"OPERATINGHOURSID","parentObject":"DR_ACCOUNT","pcType":"UNISTRING","precision":36,"scale":0,"columnIndex":40,"isKey":false,"isWaterMarkKey":false,"isExternalId":false,"isSfIdLookup":false,"isNullable":true,"isUnique":false,"isCreateable":false,"isUpdateable":true,"isFilterable":true,"isCalculated":false,"showLabel":false,"naturalOrder":40,"typeConfigFields":[],"linkedFields":[],"relatedInfos":[],"references":[]}},{"@type":"fieldMap","id":"47447013","targetField":{"@type":"field","id":201645888,"name":"CUSTOMERPRIORITY__C","type":"nvarchar","uniqueName":"CUSTOMERPRIORITY__C","label":"CUSTOMERPRIORITY__C","parentObject":"DR_ACCOUNT","pcType":"UNISTRING","precision":510,"scale":0,"columnIndex":41,"isKey":false,"isWaterMarkKey":false,"isExternalId":false,"isSfIdLookup":false,"isNullable":true,"isUnique":false,"isCreateable":false,"isUpdateable":true,"isFilterable":true,"isCalculated":false,"showLabel":false,"naturalOrder":41,"typeConfigFields":[],"linkedFields":[],"relatedInfos":[],"references":[]}},{"@type":"fieldMap","id":"47447014","targetField":{"@type":"field","id":201645889,"name":"SLA__C","type":"nvarchar","uniqueName":"SLA__C","label":"SLA__C","parentObject":"DR_ACCOUNT","pcType":"UNISTRING","precision":510,"scale":0,"columnIndex":42,"isKey":false,"isWaterMarkKey":false,"isExternalId":false,"isSfIdLookup":false,"isNullable":true,"isUnique":false,"isCreateable":false,"isUpdateable":true,"isFilterable":true,"isCalculated":false,"showLabel":false,"naturalOrder":42,"typeConfigFields":[],"linkedFields":[],"relatedInfos":[],"references":[]}},{"@type":"fieldMap","id":"47447015","targetField":{"@type":"field","id":201645890,"name":"ACTIVE__C","type":"nvarchar","uniqueName":"ACTIVE__C","label":"ACTIVE__C","parentObject":"DR_ACCOUNT","pcType":"UNISTRING","precision":510,"scale":0,"columnIndex":43,"isKey":false,"isWaterMarkKey":false,"isExternalId":false,"isSfIdLookup":false,"isNullable":true,"isUnique":false,"isCreateable":false,"isUpdateable":true,"isFilterable":true,"isCalculated":false,"showLabel":false,"naturalOrder":43,"typeConfigFields":[],"linkedFields":[],"relatedInfos":[],"references":[]}},{"@type":"fieldMap","id":"47447016","targetField":{"@type":"field","id":201645891,"name":"NUMBEROFLOCATIONS__C","type":"double","uniqueName":"NUMBEROFLOCATIONS__C","label":"NUMBEROFLOCATIONS__C","parentObject":"DR_ACCOUNT","pcType":"FLOAT","precision":15,"scale":0,"columnIndex":44,"isKey":false,"isWaterMarkKey":false,"isExternalId":false,"isSfIdLookup":false,"isNullable":true,"isUnique":false,"isCreateable":false,"isUpdateable":true,"isFilterable":true,"isCalculated":false,"showLabel":false,"naturalOrder":44,"typeConfigFields":[],"linkedFields":[],"relatedInfos":[],"references":[]}},{"@type":"fieldMap","id":"47447017","targetField":{"@type":"field","id":201645892,"name":"UPSELLOPPORTUNITY__C","type":"nvarchar","uniqueName":"UPSELLOPPORTUNITY__C","label":"UPSELLOPPORTUNITY__C","parentObject":"DR_ACCOUNT","pcType":"UNISTRING","precision":510,"scale":0,"columnIndex":45,"isKey":false,"isWaterMarkKey":false,"isExternalId":false,"isSfIdLookup":false,"isNullable":true,"isUnique":false,"isCreateable":false,"isUpdateable":true,"isFilterable":true,"isCalculated":false,"showLabel":false,"naturalOrder":45,"typeConfigFields":[],"linkedFields":[],"relatedInfos":[],"references":[]}},{"@type":"fieldMap","id":"47447018","targetField":{"@type":"field","id":201645893,"name":"SLASERIALNUMBER__C","type":"nvarchar","uniqueName":"SLASERIALNUMBER__C","label":"SLASERIALNUMBER__C","parentObject":"DR_ACCOUNT","pcType":"UNISTRING","precision":20,"scale":0,"columnIndex":46,"isKey":false,"isWaterMarkKey":false,"isExternalId":false,"isSfIdLookup":false,"isNullable":true,"isUnique":false,"isCreateable":false,"isUpdateable":true,"isFilterable":true,"isCalculated":false,"showLabel":false,"naturalOrder":46,"typeConfigFields":[],"linkedFields":[],"relatedInfos":[],"references":[]}},{"@type":"fieldMap","id":"47447019","targetField":{"@type":"field","id":201645894,"name":"SLAEXPIRATIONDATE__C","type":"timestamp","uniqueName":"SLAEXPIRATIONDATE__C","label":"SLAEXPIRATIONDATE__C","parentObject":"DR_ACCOUNT","pcType":"DATE","precision":23,"scale":3,"columnIndex":47,"isKey":false,"isWaterMarkKey":false,"isExternalId":false,"isSfIdLookup":false,"isNullable":true,"isUnique":false,"isCreateable":false,"isUpdateable":true,"isFilterable":true,"isCalculated":false,"showLabel":false,"naturalOrder":47,"typeConfigFields":[],"linkedFields":[],"relatedInfos":[],"references":[]}},{"@type":"fieldMap","id":"47447020","targetField":{"@type":"field","id":201645895,"name":"ACCOUNTEXTERNALID__C","type":"nvarchar","uniqueName":"ACCOUNTEXTERNALID__C","label":"ACCOUNTEXTERNALID__C","parentObject":"DR_ACCOUNT","pcType":"UNISTRING","precision":100,"scale":0,"columnIndex":48,"isKey":false,"isWaterMarkKey":false,"isExternalId":false,"isSfIdLookup":false,"isNullable":true,"isUnique":false,"isCreateable":false,"isUpdateable":true,"isFilterable":true,"isCalculated":false,"showLabel":false,"naturalOrder":48,"typeConfigFields":[],"linkedFields":["ACCID"],"relatedInfos":[],"references":[]},"expression":"ACCID"}],"sourceFields":[{"@type":"field","id":199738730,"name":"ACCID","type":"decimal","uniqueName":"ACCID","label":"ACCID","parentObject":"ACCOUNT","pcType":"HIPRECDECIMAL","precision":38,"scale":0,"columnIndex":0,"isKey":true,"isWaterMarkKey":false,"isExternalId":false,"isSfIdLookup":false,"isNullable":false,"isUnique":true,"isCreateable":false,"isUpdateable":true,"isFilterable":true,"isCalculated":false,"showLabel":false,"naturalOrder":0,"typeConfigFields":[],"linkedFields":["ACCOUNTEXTERNALID__C"],"relatedInfos":[{"@type":"fieldRelatedInfo","id":7314386,"referenceObject":"ORDERS","referenceField":{"@type":"field","id":201645896,"name":"ACCID","uniqueName":"ACCID","label":"ACCID","precision":0,"scale":0,"columnIndex":-1,"isKey":false,"isWaterMarkKey":false,"isExternalId":false,"isSfIdLookup":false,"isNullable":true,"isUnique":false,"isCreateable":false,"isUpdateable":true,"isFilterable":true,"isCalculated":false,"showLabel":true,"naturalOrder":0,"typeConfigFields":[],"linkedFields":[],"relatedInfos":[],"references":[]}}],"references":[]},{"@type":"field","id":199738732,"name":"LASTNAME","type":"varchar","uniqueName":"LASTNAME","label":"LASTNAME","parentObject":"ACCOUNT","pcType":"STRING","precision":255,"scale":0,"columnIndex":1,"isKey":false,"isWaterMarkKey":false,"isExternalId":false,"isSfIdLookup":false,"isNullable":true,"isUnique":false,"isCreateable":false,"isUpdateable":true,"isFilterable":true,"isCalculated":false,"showLabel":false,"naturalOrder":1,"typeConfigFields":[],"linkedFields":[],"relatedInfos":[],"references":[]},{"@type":"field","id":199738733,"name":"FIRSTNAME","type":"varchar","uniqueName":"FIRSTNAME","label":"FIRSTNAME","parentObject":"ACCOUNT","pcType":"STRING","precision":255,"scale":0,"columnIndex":2,"isKey":false,"isWaterMarkKey":false,"isExternalId":false,"isSfIdLookup":false,"isNullable":true,"isUnique":false,"isCreateable":false,"isUpdateable":true,"isFilterable":true,"isCalculated":false,"showLabel":false,"naturalOrder":2,"typeConfigFields":[],"linkedFields":[],"relatedInfos":[],"references":[]},{"@type":"field","id":199738734,"name":"ADDRESS","type":"varchar","uniqueName":"ADDRESS","label":"ADDRESS","parentObject":"ACCOUNT","pcType":"STRING","precision":255,"scale":0,"columnIndex":3,"isKey":false,"isWaterMarkKey":false,"isExternalId":false,"isSfIdLookup":false,"isNullable":true,"isUnique":false,"isCreateable":false,"isUpdateable":true,"isFilterable":true,"isCalculated":false,"showLabel":false,"naturalOrder":3,"typeConfigFields":[],"linkedFields":["BILLINGSTREET"],"relatedInfos":[],"references":[]},{"@type":"field","id":199738735,"name":"CITY","type":"varchar","uniqueName":"CITY","label":"CITY","parentObject":"ACCOUNT","pcType":"STRING","precision":255,"scale":0,"columnIndex":4,"isKey":false,"isWaterMarkKey":false,"isExternalId":false,"isSfIdLookup":false,"isNullable":true,"isUnique":false,"isCreateable":false,"isUpdateable":true,"isFilterable":true,"isCalculated":false,"showLabel":false,"naturalOrder":4,"typeConfigFields":[],"linkedFields":["BILLINGCITY"],"relatedInfos":[],"references":[]},{"@type":"field","id":199738736,"name":"ACCNUMBER","type":"decimal","uniqueName":"ACCNUMBER","label":"ACCNUMBER","parentObject":"ACCOUNT","pcType":"HIPRECDECIMAL","precision":38,"scale":0,"columnIndex":5,"isKey":false,"isWaterMarkKey":false,"isExternalId":false,"isSfIdLookup":false,"isNullable":true,"isUnique":false,"isCreateable":false,"isUpdateable":true,"isFilterable":true,"isCalculated":false,"showLabel":false,"naturalOrder":5,"typeConfigFields":[],"linkedFields":["ACCOUNTNUMBER"],"relatedInfos":[],"references":[]},{"@type":"field","id":199738737,"name":"FULLNAME","type":"varchar","uniqueName":"FULLNAME","label":"FULLNAME","parentObject":"ACCOUNT","pcType":"STRING","precision":255,"scale":0,"columnIndex":6,"isKey":false,"isWaterMarkKey":false,"isExternalId":false,"isSfIdLookup":false,"isNullable":true,"isUnique":false,"isCreateable":false,"isUpdateable":true,"isFilterable":true,"isCalculated":false,"showLabel":false,"naturalOrder":6,"typeConfigFields":[],"linkedFields":["NAME"],"relatedInfos":[],"references":[]}],"sortFields":[],"groupFields":[]}]