[{"@type":"fileRecord","id":"@3","name":"fault","type":"XSD","size":6413,"attachTime":1726823814000},{"@type":"fileRecord","id":"@4","name":"metadata","type":"JSON","size":4718,"attachTime":1726823814000},{"@type":"fileRecord","id":"@5","name":"request","type":"XSD","size":6455,"attachTime":1726823814000},{"@type":"fileRecord","id":"@6","name":"response","type":"XSD","size":11184,"attachTime":1726823814000},{"@type":"fileRecord","id":"@2","name":"extension","type":"XML","size":30610,"attachTime":1726823814000}]