[{"@type":"mappingTemplate","id":"@1","name":"m_loadxml_webservice","description":"","autoExpireObject":false,"bundleVersion":"0","assetFrsGuid":"7RbYXvvNkuGdjc9qeNLfM1","templateId":"@3","deployTime":1726823815000,"hasParameters":false,"valid":true,"fixedConnection":true,"hasParametersDeployed":false,"fixedConnectionDeployed":true,"isSchemaValidationEnabled":false,"tasks":0,"mappingPreviewFileRecordId":"@2","documentType":"MAPPING","references":[{"@type":"reference","refObjectId":"@12LHkFp4CKEfQayIefpa0O","refType":"connection"},{"@type":"reference","refObjectId":"@lM5qd5qXnsAdjn6JzW4wGa@sampletest","refType":"businessOperation"},{"@type":"reference","refObjectId":"@lM5qd5qXnsAdjn6JzW4wGa","refType":"businessService"}]}]