[{"@type":"mappingTemplate","id":"@1","name":"Mapping166","description":"","autoExpireObject":false,"bundleVersion":"0","assetFrsGuid":"66vpDVtdcpzk6x5g4jGe2w","templateId":"@3","deployTime":1733485013000,"hasParameters":false,"valid":true,"fixedConnection":true,"hasParametersDeployed":false,"fixedConnectionDeployed":true,"isSchemaValidationEnabled":false,"tasks":1,"mappingPreviewFileRecordId":"@2","documentType":"MAPPING","references":[{"@type":"reference","refObjectId":"@2GGVR2QXf4pdFsIHHfJoqw","refType":"connection"},{"@type":"reference","refObjectId":"@eLC2Az3XeaJgaTWQOwePqv","refType":"connection"}]}]