[{"@type":"dssTask","id":"@1","name":"DB_TO_DB-incremental_load","description":"","maxLogs":10,"sourceConnectionId":"@1fghsK7TH0chDhmI9v9vYN","targetConnectionId":"@1fghsK7TH0chDhmI9v9vYN","targetObject":"Employee2","targetObjectLabel":"Employee2","operation":"Insert","maxRows":0,"truncateTarget":false,"bulkApiDBTarget":false,"verbose":false,"targetMetadataUpdated":false,"modelVersion":"V3-R600","queryAll":false,"srcSettings":{"@type":"taskDataSourceSetting","isShowLabels":false,"isNaturalOrder":true},"tgtSettings":{"@type":"taskDataSourceSetting","isShowLabels":false,"isNaturalOrder":true},"cfSettings":{"@type":"taskDataSourceSetting","isShowLabels":false,"isNaturalOrder":true},"bulkApi":false,"bulkApiSerialMode":false,"bulkApiMonitor":false,"isTargetObjectSfCustom":false,"allowNullUpdates":false,"targetBatchSize":200,"assignmentRuleId":"-1","assignmentRuleType":"None","createSuccessFile":false,"bulkApiHardDelete":false,"srcRuntimeAttrs":{"@type":"taskRuntimeAttrs","attrs":{}},"tgtRuntimeAttrs":{"@type":"taskRuntimeAttrs","attrs":{}},"parameterFileEncoding":"UTF-8","serverlessProperties":{},"sourceObjects":[{"@type":"mObject","name":"Employee","label":"Employee","metadataUpdated":false,"relations":[],"children":[]}],"advancedFilters":[],"filters":[{"@type":"filter","objectName":"Employee","objectLabel":"Employee","field":"ModifiedDateTime","fieldLabel":"ModifiedDateTime","type":"DATETIME","operator":"greaterThan","value":"$LastRunTime"}],"fieldMaps":[{"@type":"fieldMap","id":"47212820","targetField":{"@type":"field","id":201039765,"name":"EmpID","type":"integer","uniqueName":"EmpID","label":"EmpID","parentObject":"Employee2","pcType":"INT","precision":10,"scale":0,"columnIndex":0,"isKey":true,"isWaterMarkKey":false,"isExternalId":false,"isSfIdLookup":false,"isNullable":false,"isUnique":true,"isCreateable":false,"isUpdateable":true,"isFilterable":true,"isCalculated":false,"showLabel":false,"naturalOrder":0,"typeConfigFields":[],"linkedFields":["EmpID"],"relatedInfos":[],"references":[]},"expression":"EmpID"},{"@type":"fieldMap","id":"47212821","targetField":{"@type":"field","id":201039766,"name":"EmpName","type":"varchar","uniqueName":"EmpName","label":"EmpName","parentObject":"Employee2","pcType":"STRING","precision":255,"scale":0,"columnIndex":1,"isKey":false,"isWaterMarkKey":false,"isExternalId":false,"isSfIdLookup":false,"isNullable":true,"isUnique":false,"isCreateable":false,"isUpdateable":true,"isFilterable":true,"isCalculated":false,"showLabel":false,"naturalOrder":1,"typeConfigFields":[],"linkedFields":["EmpName"],"relatedInfos":[],"references":[]},"expression":"EmpName"},{"@type":"fieldMap","id":"47212822","targetField":{"@type":"field","id":201039767,"name":"Designation","type":"varchar","uniqueName":"Designation","label":"Designation","parentObject":"Employee2","pcType":"STRING","precision":255,"scale":0,"columnIndex":2,"isKey":false,"isWaterMarkKey":false,"isExternalId":false,"isSfIdLookup":false,"isNullable":true,"isUnique":false,"isCreateable":false,"isUpdateable":true,"isFilterable":true,"isCalculated":false,"showLabel":false,"naturalOrder":2,"typeConfigFields":[],"linkedFields":["Designation"],"relatedInfos":[],"references":[]},"expression":"Designation"},{"@type":"fieldMap","id":"47212823","targetField":{"@type":"field","id":201039768,"name":"Salary","type":"varchar","uniqueName":"Salary","label":"Salary","parentObject":"Employee2","pcType":"STRING","precision":255,"scale":0,"columnIndex":3,"isKey":false,"isWaterMarkKey":false,"isExternalId":false,"isSfIdLookup":false,"isNullable":true,"isUnique":false,"isCreateable":false,"isUpdateable":true,"isFilterable":true,"isCalculated":false,"showLabel":false,"naturalOrder":3,"typeConfigFields":[],"linkedFields":["Salary"],"relatedInfos":[],"references":[]},"expression":"Salary"},{"@type":"fieldMap","id":"47212824","targetField":{"@type":"field","id":201039769,"name":"Compensation","type":"varchar","uniqueName":"Compensation","label":"Compensation","parentObject":"Employee2","pcType":"STRING","precision":255,"scale":0,"columnIndex":4,"isKey":false,"isWaterMarkKey":false,"isExternalId":false,"isSfIdLookup":false,"isNullable":true,"isUnique":false,"isCreateable":false,"isUpdateable":true,"isFilterable":true,"isCalculated":false,"showLabel":false,"naturalOrder":4,"typeConfigFields":[],"linkedFields":["Compensation"],"relatedInfos":[],"references":[]},"expression":"Compensation"}],"sourceFields":[{"@type":"field","id":200168553,"name":"EmpID","type":"integer","uniqueName":"EmpID","label":"EmpID","parentObject":"Employee","pcType":"INT","precision":10,"scale":0,"columnIndex":0,"isKey":true,"isWaterMarkKey":false,"isExternalId":false,"isSfIdLookup":false,"isNullable":false,"isUnique":true,"isCreateable":false,"isUpdateable":true,"isFilterable":true,"isCalculated":false,"showLabel":false,"naturalOrder":0,"typeConfigFields":[],"linkedFields":["EmpID"],"relatedInfos":[],"references":[]},{"@type":"field","id":200168554,"name":"EmpName","type":"varchar","uniqueName":"EmpName","label":"EmpName","parentObject":"Employee","pcType":"STRING","precision":255,"scale":0,"columnIndex":1,"isKey":false,"isWaterMarkKey":false,"isExternalId":false,"isSfIdLookup":false,"isNullable":true,"isUnique":false,"isCreateable":false,"isUpdateable":true,"isFilterable":true,"isCalculated":false,"showLabel":false,"naturalOrder":1,"typeConfigFields":[],"linkedFields":["EmpName"],"relatedInfos":[],"references":[]},{"@type":"field","id":200168555,"name":"Designation","type":"varchar","uniqueName":"Designation","label":"Designation","parentObject":"Employee","pcType":"STRING","precision":255,"scale":0,"columnIndex":2,"isKey":false,"isWaterMarkKey":false,"isExternalId":false,"isSfIdLookup":false,"isNullable":true,"isUnique":false,"isCreateable":false,"isUpdateable":true,"isFilterable":true,"isCalculated":false,"showLabel":false,"naturalOrder":2,"typeConfigFields":[],"linkedFields":["Designation"],"relatedInfos":[],"references":[]},{"@type":"field","id":200168556,"name":"Salary","type":"varchar","uniqueName":"Salary","label":"Salary","parentObject":"Employee","pcType":"STRING","precision":255,"scale":0,"columnIndex":3,"isKey":false,"isWaterMarkKey":false,"isExternalId":false,"isSfIdLookup":false,"isNullable":true,"isUnique":false,"isCreateable":false,"isUpdateable":true,"isFilterable":true,"isCalculated":false,"showLabel":false,"naturalOrder":3,"typeConfigFields":[],"linkedFields":["Salary"],"relatedInfos":[],"references":[]},{"@type":"field","id":200168557,"name":"Compensation","type":"varchar","uniqueName":"Compensation","label":"Compensation","parentObject":"Employee","pcType":"STRING","precision":255,"scale":0,"columnIndex":4,"isKey":false,"isWaterMarkKey":false,"isExternalId":false,"isSfIdLookup":false,"isNullable":true,"isUnique":false,"isCreateable":false,"isUpdateable":true,"isFilterable":true,"isCalculated":false,"showLabel":false,"naturalOrder":4,"typeConfigFields":[],"linkedFields":["Compensation"],"relatedInfos":[],"references":[]},{"@type":"field","id":200168558,"name":"CreatedDate","type":"timestamp","uniqueName":"CreatedDate","label":"CreatedDate","parentObject":"Employee","pcType":"DATE","precision":23,"scale":3,"columnIndex":5,"isKey":false,"isWaterMarkKey":false,"isExternalId":false,"isSfIdLookup":false,"isNullable":true,"isUnique":false,"isCreateable":false,"isUpdateable":true,"isFilterable":true,"isCalculated":false,"showLabel":false,"naturalOrder":5,"typeConfigFields":[],"linkedFields":[],"relatedInfos":[],"references":[]},{"@type":"field","id":200168559,"name":"ModifiedDate","type":"timestamp","uniqueName":"ModifiedDate","label":"ModifiedDate","parentObject":"Employee","pcType":"DATE","precision":23,"scale":3,"columnIndex":6,"isKey":false,"isWaterMarkKey":false,"isExternalId":false,"isSfIdLookup":false,"isNullable":true,"isUnique":false,"isCreateable":false,"isUpdateable":true,"isFilterable":true,"isCalculated":false,"showLabel":false,"naturalOrder":6,"typeConfigFields":[],"linkedFields":[],"relatedInfos":[],"references":[]},{"@type":"field","id":200168560,"name":"ModifiedDateTime","type":"timestamp","uniqueName":"ModifiedDateTime","label":"ModifiedDateTime","parentObject":"Employee","pcType":"DATE","precision":23,"scale":3,"columnIndex":7,"isKey":false,"isWaterMarkKey":false,"isExternalId":false,"isSfIdLookup":false,"isNullable":true,"isUnique":false,"isCreateable":false,"isUpdateable":true,"isFilterable":true,"isCalculated":false,"showLabel":false,"naturalOrder":7,"typeConfigFields":[],"linkedFields":[],"relatedInfos":[],"references":[]}],"sortFields":[],"groupFields":[]}]