[{"@type":"mtTask","id":"@1","name":"infac360sf_mt_salesforce_accountpartner_partnerrel_inbound","description":"Runs the mapping that maps the fields of the Salesforce Account Partner Relationship object with the fields of the Account Partner Relationship Object to import data.","autoExpireObject":false,"runtimeEnvironmentId":"@1wABJGb7N8agmW9fYUtAYy","maxLogs":10,"verbose":false,"mappingId":"@jZpvpHFXmw4ghk98hOJZeE","frsGuid":"gysSDQquCm6jhU5H2eIWA4","shortDescription":"Runs the mapping that maps the fields of the Sales...","sessionPropertiesList":[{"name":"Allow Temporary Sequence for Pushdown","value":"NO","recommended":false},{"name":"Allow Temporary View for Pushdown","value":"NO","recommended":false},{"name":"Pushdown Optimization","value":"None","recommended":false}],"hidden":false,"enableCrossSchemaPushdown":true,"enableParallelRun":false,"autoTunedApplied":false,"autoTunedAppliedType":"NONE","parameterFileName":"infac360sf_mt_salesforce_accountpartner_partnerrel_inbound.param","paramFileType":"PARAM_FILE_LOCAL","schemaMode":"async","valid":true,"schemaValidationErrorCount":-1,"parameterFileEncoding":"UTF-8","serverlessProperties":{},"taskProperties":[{"@type":"taskProperty","name":"parameterFileDir","currentValue":"","type":"STRING","label":"label.parameterFileDir","required":false},{"@type":"taskProperty","name":"parameterFileName","currentValue":"infac360sf_mt_salesforce_accountpartner_partnerrel_inbound.param","type":"STRING","label":"label.parameterFileName","required":false},{"@type":"taskProperty","name":"outboundMessageUrlQueueTime","currentValue":"","type":"NUMBER","label":"label.outboundMessageUrlQueueTime","required":false},{"@type":"taskProperty","name":"outboundMessageUrlToken","currentValue":"","type":"STRING","label":"label.outboundMessageUrlToken","required":false}],"isMidstreamPreview":false,"parameters":[{"@type":"mtTaskParameter","id":4622646,"name":"$srs_salesforce_accountpartner$","type":"EXTENDED_SOURCE","label":"p_src_system_connection","description":"Parameter to specify name of the source system connection that needs to be used for inbound","uiProperties":{"cnxtype":"Salesforce","connDefault":"infac360sf_conn_salesforce","connectionParameterized":"true","paramName":"p_src_system_connection","paramLabel":"","paramType-mapping":"Connection","logcnx":"p_src_system_connection","isSelectDistinct":"false","isMsrcFilterParameterized":"false","isMsrcSortParameterized":"false","objectParameterized":"false","visible":"false","originalPath":"srs_salesforce_accountpartner"},"sourceConnectionId":"@065J11jl0kblXMK8E7Lhon","newFlatFile":false,"newObject":false,"showBusinessNames":true,"naturalOrder":true,"truncateTarget":false,"bulkApiDBTarget":false,"customFuncCfg":{"@type":"customFuncConfig","id":-1,"connections":[],"inputMap":[],"outputFields":[]},"targetRefsV2":{},"targetUpdateColumns":[],"extendedObject":{"@type":"extendedObject","object":{"@type":"mObject","name":"AccountPartner","label":"Account Partner","metadataUpdated":false,"relations":[],"children":[]},"singleMode":true,"objects":[{"@type":"mObject","name":"AccountPartner","label":"Account Partner","metadataUpdated":false,"relations":[],"children":[]}],"filters":[],"sortFields":[]},"runtimeAttrs":{"Flush Interval":"300","Use queryAll":"NO","SOQL Filter Condition":"$$v_source_filter_condition AND $$p_fil_reverse_role","Row Limit":"0","CDC End Timestamp":"","CDC Start Timestamp":"","Enable Bulk Query":"NO","CDC Time Limit":"0","Use SystemModstamp for CDC":"NO"},"isRESTModernSource":true,"isFileList":false,"handleSpecialChars":false,"handleDecimalRoundOff":false,"frsAsset":false,"dynamicFileName":false,"excludeDynamicFileNameField":false,"currentlyProcessedFileName":false,"retainFieldMetadata":false,"useExactSrcNames":false,"userUpdated":true,"tgtObjectAttributes":{},"runtimeParameterData":{"@type":"mtTaskRuntimeParameterData","isConnectionRuntimeParameter":false,"isObjectRuntimeParameter":false,"connectionParameterName":"p_src_system_connection"},"overridableProperties":[],"overriddenFields":[]},{"@type":"mtTaskParameter","id":4622647,"name":"$tgt_dummy$","type":"TARGET","label":"tgt_dummy","uiProperties":{"connectionParameterized":"false","objectParameterized":"false","visible":"false","defaultTargetUpdateColumns":"","supportApplyDDLChanges":"false","originalPath":"tgt_dummy"},"targetConnectionId":"@065J11jl0kblXMK8E7Lhon","targetObject":"Account","targetObjectLabel":"Account","newFlatFile":false,"newObject":false,"showBusinessNames":false,"naturalOrder":true,"truncateTarget":false,"bulkApiDBTarget":false,"operationType":"Insert","customFuncCfg":{"@type":"customFuncConfig","id":-1,"connections":[],"inputMap":[],"outputFields":[]},"targetRefsV2":{},"targetUpdateColumns":[],"extendedObject":{"@type":"extendedObject","singleMode":true,"filters":[],"sortFields":[]},"runtimeAttrs":{},"isRESTModernSource":true,"isFileList":false,"handleSpecialChars":false,"handleDecimalRoundOff":false,"frsAsset":false,"dynamicFileName":false,"excludeDynamicFileNameField":false,"currentlyProcessedFileName":false,"retainFieldMetadata":false,"objectName":"Account","objectLabel":"Account","useExactSrcNames":false,"userUpdated":true,"tgtObjectAttributes":{},"runtimeParameterData":{"@type":"mtTaskRuntimeParameterData","isConnectionRuntimeParameter":false,"isObjectRuntimeParameter":false},"overridableProperties":[],"overriddenFields":[]},{"@type":"mtTaskParameter","id":4622648,"name":"$tgt_mdm_accountpartner_rel_typ$","type":"H_TARGET","label":"tgt_mdm_accountpartner_rel_typ","uiProperties":{"connectionParameterized":"false","objectParameterized":"false","visible":"false","defaultTargetUpdateColumns":"","supportApplyDDLChanges":"false","originalPath":"tgt_mdm_accountpartner_rel_typ"},"targetConnectionId":"@agra6hklvi7j17gzbPkuio","targetObject":"Home/Custom Assets/Relationships/Partner(id=infac360sf_accountpartner_rel)","newFlatFile":false,"newObject":false,"showBusinessNames":false,"naturalOrder":true,"truncateTarget":false,"bulkApiDBTarget":false,"customFuncCfg":{"@type":"customFuncConfig","id":-1,"connections":[],"inputMap":[],"outputFields":[]},"targetRefsV2":{},"targetUpdateColumns":[],"extendedObject":{"@type":"extendedObject","singleMode":true,"filters":[],"sortFields":[]},"runtimeAttrs":{},"isRESTModernSource":true,"isFileList":false,"handleSpecialChars":false,"handleDecimalRoundOff":false,"frsAsset":false,"dynamicFileName":false,"excludeDynamicFileNameField":false,"currentlyProcessedFileName":false,"retainFieldMetadata":false,"objectName":"Home/Custom Assets/Relationships/Partner(id=infac360sf_accountpartner_rel)","useExactSrcNames":false,"userUpdated":true,"metadataVersion":"0","tgtObjectAttributes":{},"runtimeParameterData":{"@type":"mtTaskRuntimeParameterData","isConnectionRuntimeParameter":false,"isObjectRuntimeParameter":false},"overridableProperties":[],"overriddenFields":[]},{"@type":"mtTaskParameter","id":4622649,"name":"$p_field_name_1$","type":"STRING","text":"LastModifiedDate","label":"p_field_name_1","description":"Parameter to specify name of the field that needs to be used for min\\/max calculation","uiProperties":{"paramName":"p_field_name_1","paramLabel":"","paramType-mapping":"Field","default":"LastModifiedDate","paramtype":"Field","originalPath":"exp_set_variables"},"newFlatFile":false,"newObject":false,"showBusinessNames":true,"naturalOrder":true,"truncateTarget":false,"bulkApiDBTarget":false,"customFuncCfg":{"@type":"customFuncConfig","id":-1,"connections":[],"inputMap":[],"outputFields":[]},"targetRefsV2":{},"targetUpdateColumns":[],"runtimeAttrs":{},"isRESTModernSource":true,"isFileList":false,"handleSpecialChars":false,"handleDecimalRoundOff":false,"frsAsset":false,"dynamicFileName":false,"excludeDynamicFileNameField":false,"currentlyProcessedFileName":false,"retainFieldMetadata":false,"useExactSrcNames":false,"userUpdated":true,"tgtObjectAttributes":{},"runtimeParameterData":{"@type":"mtTaskRuntimeParameterData","isConnectionRuntimeParameter":false,"isObjectRuntimeParameter":false},"overridableProperties":[],"overriddenFields":[]},{"@type":"mtTaskParameter","id":4622650,"name":"$p_field_name_2$","type":"STRING","text":"CreatedDate","label":"p_field_name_2","description":"Parameter to specify name of the field that needs to be used for min\\/max calculation","uiProperties":{"paramName":"p_field_name_2","paramLabel":"","paramType-mapping":"Field","default":"CreatedDate","paramtype":"Field","originalPath":"exp_set_variables"},"newFlatFile":false,"newObject":false,"showBusinessNames":true,"naturalOrder":true,"truncateTarget":false,"bulkApiDBTarget":false,"customFuncCfg":{"@type":"customFuncConfig","id":-1,"connections":[],"inputMap":[],"outputFields":[]},"targetRefsV2":{},"targetUpdateColumns":[],"runtimeAttrs":{},"isRESTModernSource":true,"isFileList":false,"handleSpecialChars":false,"handleDecimalRoundOff":false,"frsAsset":false,"dynamicFileName":false,"excludeDynamicFileNameField":false,"currentlyProcessedFileName":false,"retainFieldMetadata":false,"useExactSrcNames":false,"userUpdated":true,"tgtObjectAttributes":{},"runtimeParameterData":{"@type":"mtTaskRuntimeParameterData","isConnectionRuntimeParameter":false,"isObjectRuntimeParameter":false},"overridableProperties":[],"overriddenFields":[]},{"@type":"mtTaskParameter","id":4622651,"name":"$p_src_system$","type":"STRING","text":"infac360sf_src_Salesforce","label":"Source System Name (p_src_system)","description":"Parameter to specify name of the source system that needs to be used for inbound","uiProperties":{"paramName":"p_src_system","paramLabel":"Source System Name","paramType-mapping":"String","default":"infac360sf_src_Salesforce","originalPath":"exp_from_be_to_be"},"newFlatFile":false,"newObject":false,"showBusinessNames":true,"naturalOrder":true,"truncateTarget":false,"bulkApiDBTarget":false,"customFuncCfg":{"@type":"customFuncConfig","id":-1,"connections":[],"inputMap":[],"outputFields":[]},"targetRefsV2":{},"targetUpdateColumns":[],"runtimeAttrs":{},"isRESTModernSource":true,"isFileList":false,"handleSpecialChars":false,"handleDecimalRoundOff":false,"frsAsset":false,"dynamicFileName":false,"excludeDynamicFileNameField":false,"currentlyProcessedFileName":false,"retainFieldMetadata":false,"useExactSrcNames":false,"userUpdated":true,"tgtObjectAttributes":{},"runtimeParameterData":{"@type":"mtTaskRuntimeParameterData","isConnectionRuntimeParameter":false,"isObjectRuntimeParameter":false},"overridableProperties":[],"overriddenFields":[]}],"sequences":[],"inOutParameters":[{"@type":"mtTaskInOutParameter","id":"-1","name":"jobInstanceId","description":"To pass jobInstanceId coming from MDM Ingress job","initialValue":"","datatype":"STRING","precision":"50","scale":"0","retentionPolicy":"ON_SUCCESS_OR_WARNING","aggregationType":"MAX","currentValue":""},{"@type":"mtTaskInOutParameter","id":"-1","name":"load_type","description":"Parameter to differentiate initial and delta load runs of the mapping","initialValue":"","datatype":"STRING","precision":"50","scale":"0","retentionPolicy":"ON_SUCCESS_OR_WARNING","aggregationType":"MAX","currentValue":""},{"@type":"mtTaskInOutParameter","id":"-1","name":"p_fil_reverse_role","description":"Parameter used to avoid the creation of reverse relationship.","initialValue":"AccountPartner.Role not in ('Client','Vendor','Agent','Broker','Retailer','Sub Contractor','Supplier')","datatype":"STRING","precision":"1000","scale":"0","retentionPolicy":"ON_SUCCESS_OR_WARNING","aggregationType":"MAX","currentValue":"AccountPartner.Role not in ('Client','Vendor','Agent','Broker','Retailer','Sub Contractor','Supplier')"},{"@type":"mtTaskInOutParameter","id":"-1","name":"v_max_field_1","description":"Parameter to persist the maximum value of input field specified in p_field_name_1","initialValue":"1900-01-01T00:00:00Z","datatype":"STRING","precision":"255","scale":"0","retentionPolicy":"ON_SUCCESS_OR_WARNING","aggregationType":"MAX","currentValue":"1900-01-01T00:00:00Z"},{"@type":"mtTaskInOutParameter","id":"-1","name":"v_max_field_2","description":"Parameter to persist the maximum value of input field specified in p_field_name_2","initialValue":"1900-01-01T00:00:00Z","datatype":"STRING","precision":"255","scale":"0","retentionPolicy":"ON_SUCCESS_OR_WARNING","aggregationType":"MAX","currentValue":"1900-01-01T00:00:00Z"},{"@type":"mtTaskInOutParameter","id":"-1","name":"v_min_field_1","description":"Parameter to persist the minimum value of input field specified in p_field_name_1","initialValue":"2099-12-31T23:59:00Z","datatype":"STRING","precision":"255","scale":"0","retentionPolicy":"ON_SUCCESS_OR_WARNING","aggregationType":"MIN","currentValue":"2099-12-31T23:59:00Z"},{"@type":"mtTaskInOutParameter","id":"-1","name":"v_min_field_2","description":"Parameter to persist the minimum value of input field specified in p_field_name_2","initialValue":"2099-12-31T23:59:00Z","datatype":"STRING","precision":"255","scale":"0","retentionPolicy":"ON_SUCCESS_OR_WARNING","aggregationType":"MIN","currentValue":"2099-12-31T23:59:00Z"},{"@type":"mtTaskInOutParameter","id":"-1","name":"v_field_type_1","description":"Parameter to specify the data type for p_field_name_1","initialValue":"Date","datatype":"STRING","precision":"100","scale":"0","retentionPolicy":"ON_SUCCESS_OR_WARNING","aggregationType":"MAX","currentValue":"Date"},{"@type":"mtTaskInOutParameter","id":"-1","name":"v_field_type_2","description":"Parameter to specify the data type for p_field_name_2","initialValue":"Date","datatype":"STRING","precision":"100","scale":"0","retentionPolicy":"ON_SUCCESS_OR_WARNING","aggregationType":"MAX","currentValue":"Date"},{"@type":"mtTaskInOutParameter","id":"-1","name":"v_temp_max_field_1","description":"Temporary parameter used for mapping's internal logic to persist the maximum value of input field specified in p_field_name_1. Do not use this value in v_source_filter_condition, it might give unexpected results. Use v_max_field_1 instead.","initialValue":"01/01/1900 00:00:00.000000","datatype":"STRING","precision":"255","scale":"0","retentionPolicy":"ON_SUCCESS_OR_WARNING","aggregationType":"MAX","currentValue":"01/01/1900 00:00:00.000000"},{"@type":"mtTaskInOutParameter","id":"-1","name":"v_temp_max_field_2","description":"Temporary parameter used for mapping's internal logic to persist the maximum value of input field specified in p_field_name_1. Do not use this value in v_source_filter_condition, it might give unexpected results. Use v_max_field_2 instead.","initialValue":"01/01/1900 00:00:00.000000","datatype":"STRING","precision":"255","scale":"0","retentionPolicy":"ON_SUCCESS_OR_WARNING","aggregationType":"MAX","currentValue":"01/01/1900 00:00:00.000000"},{"@type":"mtTaskInOutParameter","id":"-1","name":"v_temp_min_field_1","description":"Temporary parameter used for mapping's internal logic to persist the minimum value of input field specified in p_field_name_1. Do not use this value in v_source_filter_condition, it might give unexpected results. Use v_min_field_1 instead","initialValue":"12/31/2099 23:59:00.000000","datatype":"STRING","precision":"255","scale":"0","retentionPolicy":"ON_SUCCESS_OR_WARNING","aggregationType":"MIN","currentValue":"12/31/2099 23:59:00.000000"},{"@type":"mtTaskInOutParameter","id":"-1","name":"v_temp_min_field_2","description":"Temporary parameter used for mapping's internal logic to persist the minimum value of input field specified in p_field_name_1. Do not use this value in v_source_filter_condition, it might give unexpected results. Use v_min_field_2 instead","initialValue":"12/31/2099 23:59:00.000000","datatype":"STRING","precision":"255","scale":"0","retentionPolicy":"ON_SUCCESS_OR_WARNING","aggregationType":"MIN","currentValue":"12/31/2099 23:59:00.000000"},{"@type":"mtTaskInOutParameter","id":"-1","name":"v_source_filter_condition","description":"Parameter used to pass the source filter condition to be used to extract the source records from Salesforce.","initialValue":"LastModifiedDate>$$v_max_field_1","datatype":"STRING","precision":"1000","scale":"0","retentionPolicy":"NEVER","aggregationType":"MAX","currentValue":"LastModifiedDate>$$v_max_field_1"},{"@type":"mtTaskInOutParameter","id":"-1","name":"v_previous_session_start_time","description":"Parameter used to persist the start time of the previous session.","initialValue":"1900-01-01T00:00:00Z","datatype":"STRING","precision":"255","scale":"0","retentionPolicy":"ON_SUCCESS_OR_WARNING","aggregationType":"MAX","currentValue":"1900-01-01T00:00:00Z"}],"connRuntimeAttrs":[]}]