[{"@type":"dssTask","id":"@1","name":"Lookup_Sync - Copy 1","description":"","autoExpireObject":false,"maxLogs":10,"sourceConnectionId":"@26lbJG5vOYkb3S8oJUVS8q","targetConnectionId":"@26lbJG5vOYkb3S8oJUVS8q","targetObject":"AccContact.csv","targetObjectLabel":"AccContact.csv","operation":"Insert","maxRows":0,"truncateTarget":false,"bulkApiDBTarget":false,"verbose":false,"srcFlatFileAttrs":{"@type":"flatFileAttrs","id":1240025,"delimiter":",","textQualifier":"\"","escapeChar":"","headerLineNo":1,"firstDataRow":2,"rowDelimiter":0,"consecutiveDelimiter":false,"multiDelimitersAsAnd":true,"firstDataRowAsHeader":false},"tgtFlatFileAttrs":{"@type":"flatFileAttrs","id":1240026,"delimiter":",","textQualifier":"\"","escapeChar":"","headerLineNo":1,"firstDataRow":2,"rowDelimiter":0,"consecutiveDelimiter":false,"multiDelimitersAsAnd":true,"firstDataRowAsHeader":false},"targetMetadataUpdated":false,"modelVersion":"V3-R600","queryAll":false,"srcSettings":{"@type":"taskDataSourceSetting","isShowLabels":false,"isNaturalOrder":true},"tgtSettings":{"@type":"taskDataSourceSetting","isShowLabels":false,"isNaturalOrder":true},"cfSettings":{"@type":"taskDataSourceSetting","isShowLabels":false,"isNaturalOrder":true},"bulkApi":false,"bulkApiSerialMode":false,"bulkApiMonitor":false,"isTargetObjectSfCustom":false,"allowNullUpdates":false,"targetBatchSize":200,"assignmentRuleId":"-1","assignmentRuleType":"None","createSuccessFile":false,"bulkApiHardDelete":false,"srcRuntimeAttrs":{"@type":"taskRuntimeAttrs","attrs":{}},"tgtRuntimeAttrs":{"@type":"taskRuntimeAttrs","attrs":{}},"parameterFileEncoding":"UTF-8","serverlessProperties":{},"sourceObjects":[{"@type":"mObject","name":"Account.csv","label":"Account.csv","metadataUpdated":false,"relations":[],"children":[]}],"advancedFilters":[],"filters":[],"fieldMaps":[{"@type":"fieldMap","id":"20069107","targetField":{"@type":"field","id":110718308,"name":"Contact_ID","type":"nstring","uniqueName":"Contact_ID","label":"Contact ID","parentObject":"AccContact.csv","pcType":"UNISTRING","precision":255,"scale":0,"columnIndex":0,"isKey":false,"isWaterMarkKey":false,"isExternalId":false,"isSfIdLookup":false,"isNullable":true,"isUnique":false,"isCreateable":false,"isUpdateable":true,"isFilterable":true,"isCalculated":false,"filterType":"STRING","showLabel":false,"naturalOrder":0,"typeConfigFields":[],"typeConfigProperties":{},"linkedFields":["AccountExternalId"],"relatedInfos":[],"references":[]},"lookup":{"@type":"lookup","id":"76831","connectionId":"@26lbJG5vOYkb3S8oJUVS8q","object":"Contact.csv","objectLabel":"Contact.csv","outputField":{"@type":"field","id":110718309,"name":"Contact_ID","type":"nstring","uniqueName":"Contact_ID","label":"Contact ID","parentObject":"Contact.csv","pcType":"UNISTRING","precision":255,"scale":0,"columnIndex":0,"isKey":false,"isWaterMarkKey":false,"isExternalId":false,"isSfIdLookup":false,"isNullable":true,"isUnique":false,"isCreateable":false,"isUpdateable":true,"isFilterable":true,"isCalculated":false,"filterType":"STRING","showLabel":true,"naturalOrder":0,"typeConfigFields":[],"typeConfigProperties":{},"linkedFields":[],"relatedInfos":[],"references":[]},"multiplicityError":true,"settings":{"@type":"taskDataSourceSetting","isShowLabels":false,"isNaturalOrder":true},"objectRelations":[{"@type":"objectRelationExt","object1":"Account.csv","object2":"Contact.csv","field1":{"@type":"field","id":110718310,"name":"AccountExternalId","type":"nstring","uniqueName":"AccountExternalId","label":"AccountExternalId","parentObject":"Account.csv","pcType":"UNISTRING","precision":255,"scale":0,"columnIndex":6,"isKey":false,"isWaterMarkKey":false,"isExternalId":false,"isSfIdLookup":false,"isNullable":true,"isUnique":false,"isCreateable":false,"isUpdateable":true,"isFilterable":true,"isCalculated":false,"filterType":"STRING","showLabel":true,"naturalOrder":0,"typeConfigFields":[],"typeConfigProperties":{},"linkedFields":["AccountExternalId"],"relatedInfos":[],"references":[]},"field2":{"@type":"field","id":110718311,"name":"AccountID","type":"string","uniqueName":"AccountID","label":"AccountID","parentObject":"Contact.csv","pcType":"STRING","precision":255,"scale":0,"columnIndex":3,"isKey":false,"isWaterMarkKey":false,"isExternalId":false,"isSfIdLookup":false,"isNullable":true,"isUnique":false,"isCreateable":false,"isUpdateable":true,"isFilterable":true,"isCalculated":false,"filterType":"STRING","showLabel":true,"naturalOrder":0,"typeConfigFields":[],"typeConfigProperties":{},"linkedFields":[],"relatedInfos":[],"references":[]}}]}},{"@type":"fieldMap","id":"20069108","targetField":{"@type":"field","id":110718312,"name":"Name","type":"nstring","uniqueName":"Name","label":"Name","parentObject":"AccContact.csv","pcType":"UNISTRING","precision":255,"scale":0,"columnIndex":1,"isKey":false,"isWaterMarkKey":false,"isExternalId":false,"isSfIdLookup":false,"isNullable":true,"isUnique":false,"isCreateable":false,"isUpdateable":true,"isFilterable":true,"isCalculated":false,"filterType":"STRING","showLabel":false,"naturalOrder":0,"typeConfigFields":[],"typeConfigProperties":{},"linkedFields":["AccountExternalId"],"relatedInfos":[],"references":[]},"lookup":{"@type":"lookup","id":"76832","connectionId":"@26lbJG5vOYkb3S8oJUVS8q","object":"Contact.csv","objectLabel":"Contact.csv","outputField":{"@type":"field","id":110718313,"name":"Name","type":"nstring","uniqueName":"Name","label":"Name","parentObject":"Contact.csv","pcType":"UNISTRING","precision":255,"scale":0,"columnIndex":1,"isKey":false,"isWaterMarkKey":false,"isExternalId":false,"isSfIdLookup":false,"isNullable":true,"isUnique":false,"isCreateable":false,"isUpdateable":true,"isFilterable":true,"isCalculated":false,"filterType":"STRING","showLabel":true,"naturalOrder":0,"typeConfigFields":[],"typeConfigProperties":{},"linkedFields":[],"relatedInfos":[],"references":[]},"multiplicityError":true,"settings":{"@type":"taskDataSourceSetting","isShowLabels":false,"isNaturalOrder":true},"objectRelations":[{"@type":"objectRelationExt","object1":"Account.csv","object2":"Contact.csv","field1":{"@type":"field","id":110718314,"name":"AccountExternalId","type":"nstring","uniqueName":"AccountExternalId","label":"AccountExternalId","parentObject":"Account.csv","pcType":"UNISTRING","precision":255,"scale":0,"columnIndex":6,"isKey":false,"isWaterMarkKey":false,"isExternalId":false,"isSfIdLookup":false,"isNullable":true,"isUnique":false,"isCreateable":false,"isUpdateable":true,"isFilterable":true,"isCalculated":false,"filterType":"STRING","showLabel":true,"naturalOrder":0,"typeConfigFields":[],"typeConfigProperties":{},"linkedFields":["AccountExternalId","Contact_ID"],"relatedInfos":[],"references":[]},"field2":{"@type":"field","id":110718315,"name":"AccountID","type":"string","uniqueName":"AccountID","label":"AccountID","parentObject":"Contact.csv","pcType":"STRING","precision":255,"scale":0,"columnIndex":3,"isKey":false,"isWaterMarkKey":false,"isExternalId":false,"isSfIdLookup":false,"isNullable":true,"isUnique":false,"isCreateable":false,"isUpdateable":true,"isFilterable":true,"isCalculated":false,"filterType":"STRING","showLabel":true,"naturalOrder":0,"typeConfigFields":[],"typeConfigProperties":{},"linkedFields":[],"relatedInfos":[],"references":[]}}]}},{"@type":"fieldMap","id":"20069109","targetField":{"@type":"field","id":110718316,"name":"City","type":"nstring","uniqueName":"City","label":"City","parentObject":"AccContact.csv","pcType":"UNISTRING","precision":255,"scale":0,"columnIndex":2,"isKey":false,"isWaterMarkKey":false,"isExternalId":false,"isSfIdLookup":false,"isNullable":true,"isUnique":false,"isCreateable":false,"isUpdateable":true,"isFilterable":true,"isCalculated":false,"filterType":"STRING","showLabel":false,"naturalOrder":0,"typeConfigFields":[],"typeConfigProperties":{},"linkedFields":["AccountExternalId"],"relatedInfos":[],"references":[]},"lookup":{"@type":"lookup","id":"76833","connectionId":"@26lbJG5vOYkb3S8oJUVS8q","object":"Contact.csv","objectLabel":"Contact.csv","outputField":{"@type":"field","id":110718317,"name":"City","type":"nstring","uniqueName":"City","label":"City","parentObject":"Contact.csv","pcType":"UNISTRING","precision":255,"scale":0,"columnIndex":2,"isKey":false,"isWaterMarkKey":false,"isExternalId":false,"isSfIdLookup":false,"isNullable":true,"isUnique":false,"isCreateable":false,"isUpdateable":true,"isFilterable":true,"isCalculated":false,"filterType":"STRING","showLabel":true,"naturalOrder":0,"typeConfigFields":[],"typeConfigProperties":{},"linkedFields":[],"relatedInfos":[],"references":[]},"multiplicityError":true,"settings":{"@type":"taskDataSourceSetting","isShowLabels":false,"isNaturalOrder":true},"objectRelations":[{"@type":"objectRelationExt","object1":"Account.csv","object2":"Contact.csv","field1":{"@type":"field","id":110718318,"name":"AccountExternalId","type":"nstring","uniqueName":"AccountExternalId","label":"AccountExternalId","parentObject":"Account.csv","pcType":"UNISTRING","precision":255,"scale":0,"columnIndex":6,"isKey":false,"isWaterMarkKey":false,"isExternalId":false,"isSfIdLookup":false,"isNullable":true,"isUnique":false,"isCreateable":false,"isUpdateable":true,"isFilterable":true,"isCalculated":false,"filterType":"STRING","showLabel":true,"naturalOrder":0,"typeConfigFields":[],"typeConfigProperties":{},"linkedFields":["AccountExternalId","Contact_ID","Name"],"relatedInfos":[],"references":[]},"field2":{"@type":"field","id":110718319,"name":"AccountID","type":"string","uniqueName":"AccountID","label":"AccountID","parentObject":"Contact.csv","pcType":"STRING","precision":255,"scale":0,"columnIndex":3,"isKey":false,"isWaterMarkKey":false,"isExternalId":false,"isSfIdLookup":false,"isNullable":true,"isUnique":false,"isCreateable":false,"isUpdateable":true,"isFilterable":true,"isCalculated":false,"filterType":"STRING","showLabel":true,"naturalOrder":0,"typeConfigFields":[],"typeConfigProperties":{},"linkedFields":[],"relatedInfos":[],"references":[]}}]}},{"@type":"fieldMap","id":"20069110","targetField":{"@type":"field","id":110718320,"name":"Account_Name","type":"nstring","uniqueName":"Account_Name","label":"Account Name","parentObject":"AccContact.csv","pcType":"UNISTRING","precision":255,"scale":0,"columnIndex":3,"isKey":false,"isWaterMarkKey":false,"isExternalId":false,"isSfIdLookup":false,"isNullable":true,"isUnique":false,"isCreateable":false,"isUpdateable":true,"isFilterable":true,"isCalculated":false,"filterType":"STRING","showLabel":false,"naturalOrder":0,"typeConfigFields":[],"typeConfigProperties":{},"linkedFields":["Account_Name"],"relatedInfos":[],"references":[]},"expression":"Account_Name"},{"@type":"fieldMap","id":"20069111","targetField":{"@type":"field","id":110718321,"name":"Account_Type","type":"nstring","uniqueName":"Account_Type","label":"Account Type","parentObject":"AccContact.csv","pcType":"UNISTRING","precision":255,"scale":0,"columnIndex":4,"isKey":false,"isWaterMarkKey":false,"isExternalId":false,"isSfIdLookup":false,"isNullable":true,"isUnique":false,"isCreateable":false,"isUpdateable":true,"isFilterable":true,"isCalculated":false,"filterType":"STRING","showLabel":false,"naturalOrder":0,"typeConfigFields":[],"typeConfigProperties":{},"linkedFields":["Account_Type"],"relatedInfos":[],"references":[]},"expression":"Account_Type"},{"@type":"fieldMap","id":"20069112","targetField":{"@type":"field","id":110718322,"name":"Billing_Street","type":"nstring","uniqueName":"Billing_Street","label":"Billing Street","parentObject":"AccContact.csv","pcType":"UNISTRING","precision":255,"scale":0,"columnIndex":5,"isKey":false,"isWaterMarkKey":false,"isExternalId":false,"isSfIdLookup":false,"isNullable":true,"isUnique":false,"isCreateable":false,"isUpdateable":true,"isFilterable":true,"isCalculated":false,"filterType":"STRING","showLabel":false,"naturalOrder":0,"typeConfigFields":[],"typeConfigProperties":{},"linkedFields":["Billing_Street"],"relatedInfos":[],"references":[]},"expression":"Billing_Street"},{"@type":"fieldMap","id":"20069113","targetField":{"@type":"field","id":110718323,"name":"Billing_City","type":"nstring","uniqueName":"Billing_City","label":"Billing City","parentObject":"AccContact.csv","pcType":"UNISTRING","precision":255,"scale":0,"columnIndex":6,"isKey":false,"isWaterMarkKey":false,"isExternalId":false,"isSfIdLookup":false,"isNullable":true,"isUnique":false,"isCreateable":false,"isUpdateable":true,"isFilterable":true,"isCalculated":false,"filterType":"STRING","showLabel":false,"naturalOrder":0,"typeConfigFields":[],"typeConfigProperties":{},"linkedFields":["Billing_City"],"relatedInfos":[],"references":[]},"expression":"Billing_City"},{"@type":"fieldMap","id":"20069114","targetField":{"@type":"field","id":110718324,"name":"Billing_State_Province","type":"nstring","uniqueName":"Billing_State_Province","label":"Billing State/Province","parentObject":"AccContact.csv","pcType":"UNISTRING","precision":255,"scale":0,"columnIndex":7,"isKey":false,"isWaterMarkKey":false,"isExternalId":false,"isSfIdLookup":false,"isNullable":true,"isUnique":false,"isCreateable":false,"isUpdateable":true,"isFilterable":true,"isCalculated":false,"filterType":"STRING","showLabel":false,"naturalOrder":0,"typeConfigFields":[],"typeConfigProperties":{},"linkedFields":["Billing_State_Province"],"relatedInfos":[],"references":[]},"expression":"Billing_State_Province"},{"@type":"fieldMap","id":"20069115","targetField":{"@type":"field","id":110718325,"name":"Billing_Country","type":"nstring","uniqueName":"Billing_Country","label":"Billing Country","parentObject":"AccContact.csv","pcType":"UNISTRING","precision":255,"scale":0,"columnIndex":8,"isKey":false,"isWaterMarkKey":false,"isExternalId":false,"isSfIdLookup":false,"isNullable":true,"isUnique":false,"isCreateable":false,"isUpdateable":true,"isFilterable":true,"isCalculated":false,"filterType":"STRING","showLabel":false,"naturalOrder":0,"typeConfigFields":[],"typeConfigProperties":{},"linkedFields":["Billing_Country"],"relatedInfos":[],"references":[]},"expression":"Billing_Country"},{"@type":"fieldMap","id":"20069116","targetField":{"@type":"field","id":110718326,"name":"AccountExternalId","type":"nstring","uniqueName":"AccountExternalId","label":"AccountExternalId","parentObject":"AccContact.csv","pcType":"UNISTRING","precision":255,"scale":0,"columnIndex":9,"isKey":false,"isWaterMarkKey":false,"isExternalId":false,"isSfIdLookup":false,"isNullable":true,"isUnique":false,"isCreateable":false,"isUpdateable":true,"isFilterable":true,"isCalculated":false,"filterType":"STRING","showLabel":false,"naturalOrder":0,"typeConfigFields":[],"typeConfigProperties":{},"linkedFields":["AccountExternalId"],"relatedInfos":[],"references":[]},"expression":"AccountExternalId"}],"sourceFields":[{"@type":"field","id":110718327,"name":"Account_Name","type":"nstring","uniqueName":"Account_Name","label":"Account Name","parentObject":"Account.csv","pcType":"UNISTRING","precision":255,"scale":0,"columnIndex":0,"isKey":false,"isWaterMarkKey":false,"isExternalId":false,"isSfIdLookup":false,"isNullable":true,"isUnique":false,"isCreateable":false,"isUpdateable":true,"isFilterable":true,"isCalculated":false,"filterType":"STRING","showLabel":false,"naturalOrder":0,"typeConfigFields":[],"typeConfigProperties":{},"linkedFields":["Account_Name"],"relatedInfos":[],"references":[]},{"@type":"field","id":110718328,"name":"Account_Type","type":"nstring","uniqueName":"Account_Type","label":"Account Type","parentObject":"Account.csv","pcType":"UNISTRING","precision":255,"scale":0,"columnIndex":1,"isKey":false,"isWaterMarkKey":false,"isExternalId":false,"isSfIdLookup":false,"isNullable":true,"isUnique":false,"isCreateable":false,"isUpdateable":true,"isFilterable":true,"isCalculated":false,"filterType":"STRING","showLabel":false,"naturalOrder":0,"typeConfigFields":[],"typeConfigProperties":{},"linkedFields":["Account_Type"],"relatedInfos":[],"references":[]},{"@type":"field","id":110718329,"name":"Billing_Street","type":"nstring","uniqueName":"Billing_Street","label":"Billing Street","parentObject":"Account.csv","pcType":"UNISTRING","precision":255,"scale":0,"columnIndex":2,"isKey":false,"isWaterMarkKey":false,"isExternalId":false,"isSfIdLookup":false,"isNullable":true,"isUnique":false,"isCreateable":false,"isUpdateable":true,"isFilterable":true,"isCalculated":false,"filterType":"STRING","showLabel":false,"naturalOrder":0,"typeConfigFields":[],"typeConfigProperties":{},"linkedFields":["Billing_Street"],"relatedInfos":[],"references":[]},{"@type":"field","id":110718330,"name":"Billing_City","type":"nstring","uniqueName":"Billing_City","label":"Billing City","parentObject":"Account.csv","pcType":"UNISTRING","precision":255,"scale":0,"columnIndex":3,"isKey":false,"isWaterMarkKey":false,"isExternalId":false,"isSfIdLookup":false,"isNullable":true,"isUnique":false,"isCreateable":false,"isUpdateable":true,"isFilterable":true,"isCalculated":false,"filterType":"STRING","showLabel":false,"naturalOrder":0,"typeConfigFields":[],"typeConfigProperties":{},"linkedFields":["Billing_City"],"relatedInfos":[],"references":[]},{"@type":"field","id":110718331,"name":"Billing_State_Province","type":"nstring","uniqueName":"Billing_State_Province","label":"Billing State/Province","parentObject":"Account.csv","pcType":"UNISTRING","precision":255,"scale":0,"columnIndex":4,"isKey":false,"isWaterMarkKey":false,"isExternalId":false,"isSfIdLookup":false,"isNullable":true,"isUnique":false,"isCreateable":false,"isUpdateable":true,"isFilterable":true,"isCalculated":false,"filterType":"STRING","showLabel":false,"naturalOrder":0,"typeConfigFields":[],"typeConfigProperties":{},"linkedFields":["Billing_State_Province"],"relatedInfos":[],"references":[]},{"@type":"field","id":110718332,"name":"Billing_Country","type":"nstring","uniqueName":"Billing_Country","label":"Billing Country","parentObject":"Account.csv","pcType":"UNISTRING","precision":255,"scale":0,"columnIndex":5,"isKey":false,"isWaterMarkKey":false,"isExternalId":false,"isSfIdLookup":false,"isNullable":true,"isUnique":false,"isCreateable":false,"isUpdateable":true,"isFilterable":true,"isCalculated":false,"filterType":"STRING","showLabel":false,"naturalOrder":0,"typeConfigFields":[],"typeConfigProperties":{},"linkedFields":["Billing_Country"],"relatedInfos":[],"references":[]},{"@type":"field","id":110718333,"name":"AccountExternalId","type":"nstring","uniqueName":"AccountExternalId","label":"AccountExternalId","parentObject":"Account.csv","pcType":"UNISTRING","precision":255,"scale":0,"columnIndex":6,"isKey":false,"isWaterMarkKey":false,"isExternalId":false,"isSfIdLookup":false,"isNullable":true,"isUnique":false,"isCreateable":false,"isUpdateable":true,"isFilterable":true,"isCalculated":false,"filterType":"STRING","showLabel":false,"naturalOrder":0,"typeConfigFields":[],"typeConfigProperties":{},"linkedFields":["AccountExternalId","Contact_ID","Name","City"],"relatedInfos":[],"references":[]}],"sortFields":[],"groupFields":[]}]