[{"@type":"mtTask","id":"@1","name":"infac360sf_mt_salesforce_personaccount_person_inbound","description":"Runs the mapping that maps the fields of the Salesforce Person Accounts object with the fields of the Person business entity to import data.","autoExpireObject":false,"runtimeEnvironmentId":"@1wABJGb7N8agmW9fYUtAYy","maxLogs":10,"verbose":false,"mappingId":"@3H7hNwcoAWscIEfV2xZdIk","frsGuid":"adKEy0jTLEZfuOUvDUTYKO","shortDescription":"Runs the mapping that maps the fields of the Sales...","sessionPropertiesList":[],"hidden":false,"enableCrossSchemaPushdown":true,"enableParallelRun":false,"autoTunedApplied":false,"autoTunedAppliedType":"NONE","parameterFileName":"infac360sf_mt_salesforce_personaccount_person_inbound.param","paramFileType":"PARAM_FILE_LOCAL","schemaMode":"async","valid":true,"schemaValidationErrorCount":-1,"parameterFileEncoding":"UTF-8","serverlessProperties":{},"taskProperties":[{"@type":"taskProperty","name":"parameterFileDir","currentValue":"","type":"STRING","label":"label.parameterFileDir","required":false},{"@type":"taskProperty","name":"parameterFileName","currentValue":"infac360sf_mt_salesforce_personaccount_person_inbound.param","type":"STRING","label":"label.parameterFileName","required":false},{"@type":"taskProperty","name":"outboundMessageUrlQueueTime","currentValue":"","type":"NUMBER","label":"label.outboundMessageUrlQueueTime","required":false},{"@type":"taskProperty","name":"outboundMessageUrlToken","currentValue":"","type":"STRING","label":"label.outboundMessageUrlToken","required":false}],"isMidstreamPreview":false,"parameters":[{"@type":"mtTaskParameter","id":4622633,"name":"$srs_salesforce_personaccount$","type":"EXTENDED_SOURCE","label":"p_src_system_connection","description":"Parameter to specify name of the source system connection that needs to be used for inbound","uiProperties":{"cnxtype":"Salesforce","connDefault":"infac360sf_conn_salesforce","connectionParameterized":"true","paramName":"p_src_system_connection","paramLabel":"","paramType-mapping":"Connection","logcnx":"p_src_system_connection","isSelectDistinct":"false","isMsrcFilterParameterized":"false","isMsrcSortParameterized":"false","objectParameterized":"false","visible":"false","originalPath":"srs_salesforce_personaccount"},"sourceConnectionId":"@065J11jl0kblXMK8E7Lhon","newFlatFile":false,"newObject":false,"showBusinessNames":true,"naturalOrder":true,"truncateTarget":false,"bulkApiDBTarget":false,"customFuncCfg":{"@type":"customFuncConfig","id":-1,"connections":[],"inputMap":[],"outputFields":[]},"targetRefsV2":{},"targetUpdateColumns":[],"extendedObject":{"@type":"extendedObject","object":{"@type":"mObject","name":"Account","label":"Account","metadataUpdated":false,"relations":[],"children":[]},"advancedFilterExpression":"Ispersonaccount=true","singleMode":true,"objects":[{"@type":"mObject","name":"Account","label":"Account","metadataUpdated":false,"relations":[],"children":[]}],"filters":[],"sortFields":[]},"runtimeAttrs":{},"isRESTModernSource":true,"isFileList":false,"handleSpecialChars":false,"handleDecimalRoundOff":false,"frsAsset":false,"dynamicFileName":false,"excludeDynamicFileNameField":false,"currentlyProcessedFileName":false,"retainFieldMetadata":false,"useExactSrcNames":false,"userUpdated":true,"tgtObjectAttributes":{},"runtimeParameterData":{"@type":"mtTaskRuntimeParameterData","isConnectionRuntimeParameter":false,"isObjectRuntimeParameter":false,"connectionParameterName":"p_src_system_connection"},"overridableProperties":[],"overriddenFields":[]},{"@type":"mtTaskParameter","id":4622634,"name":"$tgt_dummy$","type":"TARGET","label":"tgt_dummy","uiProperties":{"connectionParameterized":"false","objectParameterized":"false","visible":"false","defaultTargetUpdateColumns":"","supportApplyDDLChanges":"false","originalPath":"tgt_dummy"},"targetConnectionId":"@065J11jl0kblXMK8E7Lhon","targetObject":"Account","targetObjectLabel":"Account","newFlatFile":false,"newObject":false,"showBusinessNames":false,"naturalOrder":true,"truncateTarget":false,"bulkApiDBTarget":false,"operationType":"Insert","customFuncCfg":{"@type":"customFuncConfig","id":-1,"connections":[],"inputMap":[],"outputFields":[]},"targetRefsV2":{},"targetUpdateColumns":[],"extendedObject":{"@type":"extendedObject","singleMode":true,"filters":[],"sortFields":[]},"runtimeAttrs":{},"isRESTModernSource":true,"isFileList":false,"handleSpecialChars":false,"handleDecimalRoundOff":false,"frsAsset":false,"dynamicFileName":false,"excludeDynamicFileNameField":false,"currentlyProcessedFileName":false,"retainFieldMetadata":false,"objectName":"Account","objectLabel":"Account","useExactSrcNames":false,"userUpdated":true,"tgtObjectAttributes":{},"runtimeParameterData":{"@type":"mtTaskRuntimeParameterData","isConnectionRuntimeParameter":false,"isObjectRuntimeParameter":false},"overridableProperties":[],"overriddenFields":[]},{"@type":"mtTaskParameter","id":4622635,"name":"$tgt_mdm_person$","type":"H_TARGET","label":"tgt_mdm_person","uiProperties":{"connectionParameterized":"false","objectParameterized":"false","visible":"false","defaultTargetUpdateColumns":"","supportApplyDDLChanges":"false","originalPath":"tgt_mdm_person"},"targetConnectionId":"@agra6hklvi7j17gzbPkuio","targetObject":"Home/Customer 360/Business Entities/Person","newFlatFile":false,"newObject":false,"showBusinessNames":false,"naturalOrder":true,"truncateTarget":false,"bulkApiDBTarget":false,"customFuncCfg":{"@type":"customFuncConfig","id":-1,"connections":[],"inputMap":[],"outputFields":[]},"targetRefsV2":{},"targetUpdateColumns":[],"extendedObject":{"@type":"extendedObject","singleMode":true,"filters":[],"sortFields":[]},"runtimeAttrs":{},"isRESTModernSource":true,"isFileList":false,"handleSpecialChars":false,"handleDecimalRoundOff":false,"frsAsset":false,"dynamicFileName":false,"excludeDynamicFileNameField":false,"currentlyProcessedFileName":false,"retainFieldMetadata":false,"objectName":"Home/Customer 360/Business Entities/Person","useExactSrcNames":false,"userUpdated":true,"metadataVersion":"0","tgtObjectAttributes":{},"runtimeParameterData":{"@type":"mtTaskRuntimeParameterData","isConnectionRuntimeParameter":false,"isObjectRuntimeParameter":false},"overridableProperties":[],"overriddenFields":[]},{"@type":"mtTaskParameter","id":4622636,"name":"$p_field_name_1$","type":"STRING","text":"LastModifiedDate","label":"p_field_name_1","description":"Parameter to specify name of the field that needs to be used for min\\/max calculation","uiProperties":{"paramName":"p_field_name_1","paramLabel":"","paramType-mapping":"Field","default":"LastModifiedDate","paramtype":"Field","originalPath":"exp_set_variables"},"newFlatFile":false,"newObject":false,"showBusinessNames":true,"naturalOrder":true,"truncateTarget":false,"bulkApiDBTarget":false,"customFuncCfg":{"@type":"customFuncConfig","id":-1,"connections":[],"inputMap":[],"outputFields":[]},"targetRefsV2":{},"targetUpdateColumns":[],"runtimeAttrs":{},"isRESTModernSource":true,"isFileList":false,"handleSpecialChars":false,"handleDecimalRoundOff":false,"frsAsset":false,"dynamicFileName":false,"excludeDynamicFileNameField":false,"currentlyProcessedFileName":false,"retainFieldMetadata":false,"useExactSrcNames":false,"userUpdated":true,"tgtObjectAttributes":{},"runtimeParameterData":{"@type":"mtTaskRuntimeParameterData","isConnectionRuntimeParameter":false,"isObjectRuntimeParameter":false},"overridableProperties":[],"overriddenFields":[]},{"@type":"mtTaskParameter","id":4622637,"name":"$p_field_name_2$","type":"STRING","text":"Customer360_Sync_Date__c","label":"p_field_name_2","description":"Parameter to specify name of the field that needs to be used for min\\/max calculation","uiProperties":{"paramName":"p_field_name_2","paramLabel":"","paramType-mapping":"Field","default":"Customer360_Sync_Date__c","paramtype":"Field","originalPath":"exp_set_variables"},"newFlatFile":false,"newObject":false,"showBusinessNames":true,"naturalOrder":true,"truncateTarget":false,"bulkApiDBTarget":false,"customFuncCfg":{"@type":"customFuncConfig","id":-1,"connections":[],"inputMap":[],"outputFields":[]},"targetRefsV2":{},"targetUpdateColumns":[],"runtimeAttrs":{},"isRESTModernSource":true,"isFileList":false,"handleSpecialChars":false,"handleDecimalRoundOff":false,"frsAsset":false,"dynamicFileName":false,"excludeDynamicFileNameField":false,"currentlyProcessedFileName":false,"retainFieldMetadata":false,"useExactSrcNames":false,"userUpdated":true,"tgtObjectAttributes":{},"runtimeParameterData":{"@type":"mtTaskRuntimeParameterData","isConnectionRuntimeParameter":false,"isObjectRuntimeParameter":false},"overridableProperties":[],"overriddenFields":[]},{"@type":"mtTaskParameter","id":4622638,"name":"$p_src_system$","type":"STRING","text":"infac360sf_src_Salesforce","label":"Source System Name (p_src_system)","description":"Parameter to specify name of the source system that needs to be used for inbound","uiProperties":{"paramName":"p_src_system","paramLabel":"Source System Name","paramType-mapping":"String","default":"infac360sf_src_Salesforce","originalPath":"exp_root"},"newFlatFile":false,"newObject":false,"showBusinessNames":true,"naturalOrder":true,"truncateTarget":false,"bulkApiDBTarget":false,"customFuncCfg":{"@type":"customFuncConfig","id":-1,"connections":[],"inputMap":[],"outputFields":[]},"targetRefsV2":{},"targetUpdateColumns":[],"runtimeAttrs":{},"isRESTModernSource":true,"isFileList":false,"handleSpecialChars":false,"handleDecimalRoundOff":false,"frsAsset":false,"dynamicFileName":false,"excludeDynamicFileNameField":false,"currentlyProcessedFileName":false,"retainFieldMetadata":false,"useExactSrcNames":false,"userUpdated":true,"tgtObjectAttributes":{},"runtimeParameterData":{"@type":"mtTaskRuntimeParameterData","isConnectionRuntimeParameter":false,"isObjectRuntimeParameter":false},"overridableProperties":[],"overriddenFields":[]}],"sequences":[],"inOutParameters":[{"@type":"mtTaskInOutParameter","id":"-1","name":"jobInstanceId","description":"To pass jobInstanceId coming from MDM Ingress job","initialValue":"","datatype":"STRING","precision":"50","scale":"0","retentionPolicy":"ON_SUCCESS_OR_WARNING","aggregationType":"MAX","currentValue":""},{"@type":"mtTaskInOutParameter","id":"-1","name":"load_type","description":"Parameter to differentiate initial and delta load runs of the mapping","initialValue":"","datatype":"STRING","precision":"50","scale":"0","retentionPolicy":"ON_SUCCESS_OR_WARNING","aggregationType":"MAX","currentValue":""},{"@type":"mtTaskInOutParameter","id":"-1","name":"v_max_field_1","description":"Parameter to persist the maximum value of input field specified in p_field_name_1","initialValue":"1900-01-01T00:00:00Z","datatype":"STRING","precision":"255","scale":"0","retentionPolicy":"ON_SUCCESS_OR_WARNING","aggregationType":"MAX","currentValue":"1900-01-01T00:00:00Z"},{"@type":"mtTaskInOutParameter","id":"-1","name":"v_max_field_2","description":"Parameter to persist the maximum value of input field specified in p_field_name_2","initialValue":"1900-01-01T00:00:00Z","datatype":"STRING","precision":"255","scale":"0","retentionPolicy":"ON_SUCCESS_OR_WARNING","aggregationType":"MAX","currentValue":"1900-01-01T00:00:00Z"},{"@type":"mtTaskInOutParameter","id":"-1","name":"v_min_field_1","description":"Parameter to persist the minimum value of input field specified in p_field_name_1","initialValue":"2099-12-31T23:59:00Z","datatype":"STRING","precision":"255","scale":"0","retentionPolicy":"ON_SUCCESS_OR_WARNING","aggregationType":"MIN","currentValue":"2099-12-31T23:59:00Z"},{"@type":"mtTaskInOutParameter","id":"-1","name":"v_min_field_2","description":"Parameter to persist the minimum value of input field specified in p_field_name_2","initialValue":"2099-12-31T23:59:00Z","datatype":"STRING","precision":"255","scale":"0","retentionPolicy":"ON_SUCCESS_OR_WARNING","aggregationType":"MIN","currentValue":"2099-12-31T23:59:00Z"},{"@type":"mtTaskInOutParameter","id":"-1","name":"v_field_type_1","description":"Parameter to specify the data type for p_field_name_1","initialValue":"Date","datatype":"STRING","precision":"100","scale":"0","retentionPolicy":"ON_SUCCESS_OR_WARNING","aggregationType":"MAX","currentValue":"Date"},{"@type":"mtTaskInOutParameter","id":"-1","name":"v_field_type_2","description":"Parameter to specify the data type for p_field_name_2","initialValue":"Date","datatype":"STRING","precision":"100","scale":"0","retentionPolicy":"ON_SUCCESS_OR_WARNING","aggregationType":"MAX","currentValue":"Date"},{"@type":"mtTaskInOutParameter","id":"-1","name":"v_temp_max_field_1","description":"Temporary parameter used for mapping's internal logic to persist the maximum value of input field specified in p_field_name_1. Do not use this value in v_source_filter_condition, it might give unexpected results. Use v_max_field_1 instead.","initialValue":"01/01/1900 00:00:00.000000","datatype":"STRING","precision":"255","scale":"0","retentionPolicy":"ON_SUCCESS_OR_WARNING","aggregationType":"MAX","currentValue":"01/01/1900 00:00:00.000000"},{"@type":"mtTaskInOutParameter","id":"-1","name":"v_temp_max_field_2","description":"Temporary parameter used for mapping's internal logic to persist the maximum value of input field specified in p_field_name_1. Do not use this value in v_source_filter_condition, it might give unexpected results. Use v_max_field_2 instead.","initialValue":"01/01/1900 00:00:00.000000","datatype":"STRING","precision":"255","scale":"0","retentionPolicy":"ON_SUCCESS_OR_WARNING","aggregationType":"MAX","currentValue":"01/01/1900 00:00:00.000000"},{"@type":"mtTaskInOutParameter","id":"-1","name":"v_temp_min_field_1","description":"Temporary parameter used for mapping's internal logic to persist the minimum value of input field specified in p_field_name_1. Do not use this value in v_source_filter_condition, it might give unexpected results. Use v_min_field_1 instead","initialValue":"12/31/2099 23:59:00.000000","datatype":"STRING","precision":"255","scale":"0","retentionPolicy":"ON_SUCCESS_OR_WARNING","aggregationType":"MIN","currentValue":"12/31/2099 23:59:00.000000"},{"@type":"mtTaskInOutParameter","id":"-1","name":"v_temp_min_field_2","description":"Temporary parameter used for mapping's internal logic to persist the minimum value of input field specified in p_field_name_1. Do not use this value in v_source_filter_condition, it might give unexpected results. Use v_min_field_2 instead","initialValue":"12/31/2099 23:59:00.000000","datatype":"STRING","precision":"255","scale":"0","retentionPolicy":"ON_SUCCESS_OR_WARNING","aggregationType":"MIN","currentValue":"12/31/2099 23:59:00.000000"},{"@type":"mtTaskInOutParameter","id":"-1","name":"v_source_filter_condition","description":"Parameter used to pass the source filter condition to be used to extract the source records from Salesforce.","initialValue":"(lastmodifieddate>$$v_max_field_1 OR (customer360_Sync_Date__c<$$v_previous_session_start_time OR customer360_Sync_Date__c=NULL)) AND Ispersonaccount=true","datatype":"STRING","precision":"1000","scale":"0","retentionPolicy":"NEVER","aggregationType":"MAX","currentValue":"(lastmodifieddate>$$v_max_field_1 OR (customer360_Sync_Date__c<$$v_previous_session_start_time OR customer360_Sync_Date__c=NULL)) AND Ispersonaccount=true"},{"@type":"mtTaskInOutParameter","id":"-1","name":"v_previous_session_start_time","description":"Parameter used to persist the start time of the previous session.","initialValue":"1900-01-01T00:00:00Z","datatype":"STRING","precision":"255","scale":"0","retentionPolicy":"ON_SUCCESS_OR_WARNING","aggregationType":"MAX","currentValue":"1900-01-01T00:00:00Z"}],"connRuntimeAttrs":[]}]