[{"@type":"mappingTemplate","id":"@1","name":"Mapping10","description":"","autoExpireObject":false,"bundleVersion":"0","assetFrsGuid":"5eGlNZN4609ca4eRNYb3ee","templateId":"@3","hasParameters":false,"valid":false,"fixedConnection":true,"hasParametersDeployed":false,"fixedConnectionDeployed":false,"isSchemaValidationEnabled":false,"tasks":0,"mappingPreviewFileRecordId":"@2","documentType":"MAPPING","references":[{"@type":"reference","refObjectId":"@5c62m33mf5EfN6Q3AYnviv","refType":"connection"}]}]