[{"@type":"mappingTemplate","id":"@1","name":"Mapping_Personx_FG_DELETE","description":"","autoExpireObject":false,"bundleVersion":"0","assetFrsGuid":"7srgbWTkFQHgW4JIW89ROK","templateId":"@3","hasParameters":false,"valid":true,"fixedConnection":true,"hasParametersDeployed":false,"fixedConnectionDeployed":false,"isSchemaValidationEnabled":false,"tasks":0,"mappingPreviewFileRecordId":"@2","documentType":"MAPPING","references":[{"@type":"reference","refObjectId":"@6AavwAS0gM6hHib9uhxw6U","refType":"connection"},{"@type":"reference","refObjectId":"@aE7hAMWaorzeLsL38KMmwh","refType":"connection"}]}]