[{"@type":"mappingTemplate","id":"@1","name":"m_splitfiles_shelf_life","description":"","autoExpireObject":false,"bundleVersion":"0","assetFrsGuid":"7GWwrNAJ8Hvl4ePRsCTj0g","templateId":"@3","deployTime":1726060648000,"hasParameters":false,"valid":true,"fixedConnection":true,"hasParametersDeployed":false,"fixedConnectionDeployed":true,"isSchemaValidationEnabled":false,"tasks":1,"mappingPreviewFileRecordId":"@2","documentType":"MAPPING","references":[{"@type":"reference","refObjectId":"@jPO7DnW2pEskHBniRkgWi8","refType":"connection"},{"@type":"reference","refObjectId":"@9dgOIILLBqUhHVw3ZhOFMe","refType":"connection"},{"@type":"reference","refObjectId":"@3IcMIZju3UicGnSTnHB5Cx","refType":"connection"}]}]