[{"@type":"mappingTemplate","id":"@1","name":"m_loopdatatask_dummymapping","description":"","autoExpireObject":false,"bundleVersion":"0","assetFrsGuid":"hVviVurW24Dkdlo1REZMyp","templateId":"@3","deployTime":1727418580000,"hasParameters":false,"valid":true,"fixedConnection":true,"hasParametersDeployed":false,"fixedConnectionDeployed":true,"isSchemaValidationEnabled":false,"tasks":1,"mappingPreviewFileRecordId":"@2","documentType":"MAPPING","references":[{"@type":"reference","refObjectId":"@2GGVR2QXf4pdFsIHHfJoqw","refType":"connection"}]}]