[{"@type":"mappingTemplate","id":"@1","name":"Mapping_PersonX_Address_Root","description":"","autoExpireObject":false,"bundleVersion":"0","assetFrsGuid":"eikjYnk9dsTgPUbUWJtwqX","templateId":"@3","hasParameters":false,"valid":true,"fixedConnection":true,"hasParametersDeployed":false,"fixedConnectionDeployed":false,"isSchemaValidationEnabled":false,"tasks":2,"mappingPreviewFileRecordId":"@2","documentType":"MAPPING","references":[{"@type":"reference","refObjectId":"@6AavwAS0gM6hHib9uhxw6U","refType":"connection"},{"@type":"reference","refObjectId":"@aE7hAMWaorzeLsL38KMmwh","refType":"connection"}]}]