[{"@type":"mtTask","id":"@1","name":"infac360sf_mt_salesforce_organization_account_outbound","description":"Runs the mapping that maps the fields of the Organization business entity with the fields of the Salesforce Accounts object to export data.","autoExpireObject":false,"runtimeEnvironmentId":"@1wABJGb7N8agmW9fYUtAYy","maxLogs":10,"verbose":false,"mappingId":"@aBVKZ21a5dQlTs4IpYycsP","frsGuid":"lG9O6foYI2he3tJ8FSTas2","shortDescription":"Runs the mapping that maps the fields of the Organ...","sessionPropertiesList":[{"name":"Allow Temporary Sequence for Pushdown","value":"NO","recommended":false},{"name":"Allow Temporary View for Pushdown","value":"NO","recommended":false},{"name":"Pushdown Optimization","value":"None","recommended":false},{"name":"Pushdown Optimization Context","value":"None","recommended":false},{"name":"Run Only In Pushdown Mode","value":"NO","recommended":false}],"hidden":false,"enableCrossSchemaPushdown":true,"enableParallelRun":false,"autoTunedApplied":false,"autoTunedAppliedType":"NONE","parameterFileName":"infac360sf_mt_salesforce_organization_account_outbound.param","paramFileType":"PARAM_FILE_LOCAL","schemaMode":"async","valid":true,"schemaValidationErrorCount":-1,"parameterFileEncoding":"UTF-8","serverlessProperties":{},"taskProperties":[{"@type":"taskProperty","name":"parameterFileDir","currentValue":"","type":"STRING","label":"label.parameterFileDir","required":false},{"@type":"taskProperty","name":"parameterFileName","currentValue":"infac360sf_mt_salesforce_organization_account_outbound.param","type":"STRING","label":"label.parameterFileName","required":false},{"@type":"taskProperty","name":"outboundMessageUrlQueueTime","currentValue":"","type":"NUMBER","label":"label.outboundMessageUrlQueueTime","required":false},{"@type":"taskProperty","name":"outboundMessageUrlToken","currentValue":"","type":"STRING","label":"label.outboundMessageUrlToken","required":false}],"isMidstreamPreview":false,"parameters":[{"@type":"mtTaskParameter","id":4622657,"name":"$src_mdm_org$","type":"H_SOURCE","label":"src_mdm_org","uiProperties":{"connectionParameterized":"false","isSelectDistinct":"false","isMsrcFilterParameterized":"false","objectParameterized":"false","visible":"false","originalPath":"src_mdm_org"},"sourceConnectionId":"@agra6hklvi7j17gzbPkuio","sourceObject":"Home/Customer 360/Business Entities/Organization","newFlatFile":false,"newObject":false,"showBusinessNames":false,"naturalOrder":true,"truncateTarget":false,"bulkApiDBTarget":false,"customFuncCfg":{"@type":"customFuncConfig","id":-1,"connections":[],"inputMap":[],"outputFields":[]},"targetRefsV2":{},"targetUpdateColumns":[],"extendedObject":{"@type":"extendedObject","singleMode":true,"filters":[],"sortFields":[]},"runtimeAttrs":{},"isRESTModernSource":true,"requestXml":"dummy","isFileList":false,"handleSpecialChars":false,"handleDecimalRoundOff":false,"frsAsset":false,"dynamicFileName":false,"excludeDynamicFileNameField":false,"currentlyProcessedFileName":false,"retainFieldMetadata":false,"objectName":"Home/Customer 360/Business Entities/Organization","useExactSrcNames":false,"userUpdated":true,"metadataVersion":"0","tgtObjectAttributes":{},"runtimeParameterData":{"@type":"mtTaskRuntimeParameterData","isConnectionRuntimeParameter":false,"isObjectRuntimeParameter":false},"overridableProperties":[],"overriddenFields":[]},{"@type":"mtTaskParameter","id":4622658,"name":"$tgt_salesforce_account$","type":"TARGET","label":"p_src_system_connection","description":"Parameter to specify name of the source system connection that needs to be used for outbound","uiProperties":{"cnxtype":"Salesforce","connDefault":"infac360sf_conn_salesforce","connectionParameterized":"true","paramName":"p_src_system_connection","paramLabel":"","paramType-mapping":"Connection","logcnx":"p_src_system_connection","default":"Account","objectParameterized":"false","visible":"false","defaultTargetUpdateColumns":"","supportApplyDDLChanges":"false","originalPath":"tgt_salesforce_account"},"targetConnectionId":"@065J11jl0kblXMK8E7Lhon","targetObject":"Account","targetObjectLabel":"Account","newFlatFile":false,"newObject":false,"showBusinessNames":true,"naturalOrder":true,"truncateTarget":false,"bulkApiDBTarget":false,"operationType":"Upsert","customFuncCfg":{"@type":"customFuncConfig","id":-1,"connections":[],"inputMap":[],"outputFields":[]},"targetRefsV2":{},"targetUpdateColumns":[],"extendedObject":{"@type":"extendedObject","singleMode":true,"filters":[],"sortFields":[]},"runtimeAttrs":{},"isRESTModernSource":true,"isFileList":false,"handleSpecialChars":false,"handleDecimalRoundOff":false,"frsAsset":false,"dynamicFileName":false,"excludeDynamicFileNameField":false,"currentlyProcessedFileName":false,"retainFieldMetadata":false,"objectName":"Account","objectLabel":"Account","useExactSrcNames":false,"userUpdated":true,"tgtObjectAttributes":{},"runtimeParameterData":{"@type":"mtTaskRuntimeParameterData","isConnectionRuntimeParameter":false,"isObjectRuntimeParameter":false,"connectionParameterName":"p_src_system_connection"},"overridableProperties":[],"overriddenFields":[]},{"@type":"mtTaskParameter","id":4622659,"name":"$lkp_cntry_ISO_conv$","type":"LOOKUP","label":"ISO conversion file connection (p_ISO_conv_file_conn)","description":"File Path used for conversion","uiProperties":{"cnxtype":"CSVFile","connectionParameterized":"true","paramName":"p_ISO_conv_file_conn","paramLabel":"ISO conversion file connection","paramType-mapping":"Connection","logcnx":"p_ISO_conv_file_conn","multipleMatchPolicy":"Use Any Value","default":"Country_ISO_Conversion.csv","objectParameterized":"false","visible":"false","originalPath":"lkp_cntry_ISO_conv"},"lookupConnectionId":"@4yVtZ6wJERllMXNDkEL0Gx","lookupObject":"Country_ISO_Conversion.csv","lookupObjectLabel":"Country_ISO_Conversion.csv","newFlatFile":false,"newObject":false,"showBusinessNames":true,"naturalOrder":true,"truncateTarget":false,"bulkApiDBTarget":false,"lkpFFAttrs":{"@type":"flatFileAttrs","id":1240038,"delimiter":",","textQualifier":"\"","escapeChar":"","headerLineNo":1,"firstDataRow":2,"rowDelimiter":0,"consecutiveDelimiter":false,"multiDelimitersAsAnd":true,"firstDataRowAsHeader":false},"customFuncCfg":{"@type":"customFuncConfig","id":-1,"connections":[],"inputMap":[],"outputFields":[]},"targetRefsV2":{},"targetUpdateColumns":[],"runtimeAttrs":{"Thousand Separator":"None","Cache File Name Prefix":"","Lookup Index Cache Size":"AUTO","Optional":"true","Lookup cache persistent":"false","Lookup source is static":"false","Case Sensitive String Comparison":"false","Decimal Separator":".","Re-cache from lookup source":"false","Lookup Data Cache Size":"AUTO","Tracing Level":"Normal","Datetime Format":"","Sorted Input":"false","Lookup cache directory name":"$PMCacheDir","Pre-build lookup cache":"AUTO","Null ordering":""},"isRESTModernSource":true,"isFileList":false,"handleSpecialChars":false,"handleDecimalRoundOff":false,"frsAsset":false,"dynamicFileName":false,"excludeDynamicFileNameField":false,"currentlyProcessedFileName":false,"retainFieldMetadata":false,"objectName":"Country_ISO_Conversion.csv","objectLabel":"Country_ISO_Conversion.csv","useExactSrcNames":false,"userUpdated":true,"tgtObjectAttributes":{},"runtimeParameterData":{"@type":"mtTaskRuntimeParameterData","isConnectionRuntimeParameter":true,"isObjectRuntimeParameter":false,"connectionParameterName":"p_ISO_conv_file_conn"},"overridableProperties":[],"overriddenFields":[]},{"@type":"mtTaskParameter","id":4622660,"name":"$lkp_state_ISO_conv$","type":"LOOKUP","label":"ISO conversion file connection (p_ISO_conv_file_conn)","description":"File Path used for conversion","uiProperties":{"cnxtype":"CSVFile","connectionParameterized":"true","paramName":"p_ISO_conv_file_conn","paramLabel":"ISO conversion file connection","paramType-mapping":"Connection","logcnx":"p_ISO_conv_file_conn","multipleMatchPolicy":"Use Any Value","default":"State_ISO_Conversion.csv","objectParameterized":"false","visible":"false","originalPath":"lkp_state_ISO_conv"},"lookupConnectionId":"@4yVtZ6wJERllMXNDkEL0Gx","lookupObject":"State_ISO_Conversion.csv","lookupObjectLabel":"State_ISO_Conversion.csv","newFlatFile":false,"newObject":false,"showBusinessNames":true,"naturalOrder":true,"truncateTarget":false,"bulkApiDBTarget":false,"lkpFFAttrs":{"@type":"flatFileAttrs","id":1240039,"delimiter":",","textQualifier":"\"","escapeChar":"","headerLineNo":1,"firstDataRow":2,"rowDelimiter":0,"consecutiveDelimiter":false,"multiDelimitersAsAnd":true,"firstDataRowAsHeader":false},"customFuncCfg":{"@type":"customFuncConfig","id":-1,"connections":[],"inputMap":[],"outputFields":[]},"targetRefsV2":{},"targetUpdateColumns":[],"runtimeAttrs":{"Thousand Separator":"None","Cache File Name Prefix":"","Lookup Index Cache Size":"AUTO","Optional":"true","Lookup cache persistent":"false","Lookup source is static":"false","Case Sensitive String Comparison":"false","Decimal Separator":".","Re-cache from lookup source":"false","Lookup Data Cache Size":"AUTO","Tracing Level":"Normal","Datetime Format":"","Sorted Input":"false","Lookup cache directory name":"$PMCacheDir","Pre-build lookup cache":"AUTO","Null ordering":""},"isRESTModernSource":true,"isFileList":false,"handleSpecialChars":false,"handleDecimalRoundOff":false,"frsAsset":false,"dynamicFileName":false,"excludeDynamicFileNameField":false,"currentlyProcessedFileName":false,"retainFieldMetadata":false,"objectName":"State_ISO_Conversion.csv","objectLabel":"State_ISO_Conversion.csv","useExactSrcNames":false,"userUpdated":true,"tgtObjectAttributes":{},"runtimeParameterData":{"@type":"mtTaskRuntimeParameterData","isConnectionRuntimeParameter":true,"isObjectRuntimeParameter":false,"connectionParameterName":"p_ISO_conv_file_conn"},"overridableProperties":[],"overriddenFields":[]},{"@type":"mtTaskParameter","id":4622661,"name":"$p_src_system$","type":"STRING","text":"infac360sf_src_Salesforce","label":"Source System Name (p_src_system)","description":"parameter to specify name of the source system that needs to be used for outbound","uiProperties":{"paramName":"p_src_system","paramLabel":"Source System Name","paramType-mapping":"String","default":"infac360sf_src_Salesforce","originalPath":"exp_concat_src"},"newFlatFile":false,"newObject":false,"showBusinessNames":true,"naturalOrder":true,"truncateTarget":false,"bulkApiDBTarget":false,"customFuncCfg":{"@type":"customFuncConfig","id":-1,"connections":[],"inputMap":[],"outputFields":[]},"targetRefsV2":{},"targetUpdateColumns":[],"runtimeAttrs":{},"isRESTModernSource":true,"isFileList":false,"handleSpecialChars":false,"handleDecimalRoundOff":false,"frsAsset":false,"dynamicFileName":false,"excludeDynamicFileNameField":false,"currentlyProcessedFileName":false,"retainFieldMetadata":false,"useExactSrcNames":false,"userUpdated":true,"tgtObjectAttributes":{},"runtimeParameterData":{"@type":"mtTaskRuntimeParameterData","isConnectionRuntimeParameter":false,"isObjectRuntimeParameter":false},"overridableProperties":[],"overriddenFields":[]}],"sequences":[],"inOutParameters":[{"@type":"mtTaskInOutParameter","id":"-1","name":"jobInstanceId","description":"To pass jobInstanceId coming from MDM Ingress job","initialValue":"","datatype":"STRING","precision":"50","scale":"0","retentionPolicy":"ON_SUCCESS_OR_WARNING","aggregationType":"MAX","currentValue":""}],"connRuntimeAttrs":[]}]