[{"@type":"mappingTemplate","id":"@1","name":"Mapping1 - Copy 3","description":"fdf","autoExpireObject":false,"bundleVersion":"0","assetFrsGuid":"7ErZwfQlvwAby0cGoJeDWW","templateId":"@3","hasParameters":false,"valid":false,"fixedConnection":true,"hasParametersDeployed":false,"fixedConnectionDeployed":false,"isSchemaValidationEnabled":false,"tasks":0,"mappingPreviewFileRecordId":"@2","documentType":"MAPPING","references":[{"@type":"reference","refObjectId":"@6AavwAS0gM6hHib9uhxw6U","refType":"connection"},{"@type":"reference","refObjectId":"@1ereGl9KV2hilKGM40NSYg","refType":"connection"}]}]