[{"@type":"mappingTemplate","id":"@1","name":"m_marketov3_ff","description":"","autoExpireObject":false,"bundleVersion":"0","assetFrsGuid":"fj4Xo70dqk0jWZHoxngVgX","templateId":"@3","deployTime":1733378588000,"hasParameters":false,"valid":true,"fixedConnection":true,"hasParametersDeployed":false,"fixedConnectionDeployed":true,"isSchemaValidationEnabled":false,"tasks":1,"mappingPreviewFileRecordId":"@2","documentType":"MAPPING","references":[{"@type":"reference","refObjectId":"@2GGVR2QXf4pdFsIHHfJoqw","refType":"connection"},{"@type":"reference","refObjectId":"@1f4X1LlY9kzjCKDjz0iSIF","refType":"connection"}]}]