[{"@type":"mappingTemplate","id":"@1","name":"Mapping90","description":"Augments source data with additional data through a connected Lookup transformation and loads it to an existing target.\n\nThe lookup has its cache option enabled for the most optimal execution performance.","bundleVersion":"0","templateId":"@3","deployTime":1677731730000,"hasParameters":true,"valid":true,"fixedConnection":false,"hasParametersDeployed":true,"fixedConnectionDeployed":false,"isSchemaValidationEnabled":false,"tasks":0,"mappingPreviewFileRecordId":"@2","documentType":"MAPPING","references":[]}]