[{"@type":"mappingTemplate","id":"@1","name":"m_oracle_mysql_splcharacter","description":"","autoExpireObject":false,"bundleVersion":"0","assetFrsGuid":"gzWiznIZfSWesXeuAfXJQ4","templateId":"@3","deployTime":1733230020000,"hasParameters":false,"valid":true,"fixedConnection":true,"hasParametersDeployed":false,"fixedConnectionDeployed":true,"isSchemaValidationEnabled":false,"tasks":1,"mappingPreviewFileRecordId":"@2","documentType":"MAPPING","references":[{"@type":"reference","refObjectId":"@2vp5qgM0t8gfydjBjdiJkk","refType":"connection"},{"@type":"reference","refObjectId":"@2GGVR2QXf4pdFsIHHfJoqw","refType":"connection"}]}]