[{"@type":"mappingTemplate","id":"@1","name":"Mapping1 - Copy 2","description":"fdf","autoExpireObject":false,"bundleVersion":"0","assetFrsGuid":"5pserhNYpqwfqrFkP6cLyR","templateId":"@3","hasParameters":false,"valid":true,"fixedConnection":true,"hasParametersDeployed":false,"fixedConnectionDeployed":false,"isSchemaValidationEnabled":false,"tasks":0,"mappingPreviewFileRecordId":"@2","documentType":"MAPPING","references":[{"@type":"reference","refObjectId":"@1ereGl9KV2hilKGM40NSYg","refType":"connection"},{"@type":"reference","refObjectId":"@5c62m33mf5EfN6Q3AYnviv","refType":"connection"}]}]