[{"@type":"mappingTemplate","id":"@1","name":"Mapping_Person_Root_Date","description":"","autoExpireObject":false,"bundleVersion":"0","assetFrsGuid":"2wmA2OmKckEc3SEZC3nfi3","templateId":"@3","hasParameters":false,"valid":true,"fixedConnection":true,"hasParametersDeployed":false,"fixedConnectionDeployed":false,"isSchemaValidationEnabled":false,"tasks":1,"mappingPreviewFileRecordId":"@2","documentType":"MAPPING","references":[{"@type":"reference","refObjectId":"@aE7hAMWaorzeLsL38KMmwh","refType":"connection"},{"@type":"reference","refObjectId":"@5c62m33mf5EfN6Q3AYnviv","refType":"connection"}]}]