[{"@type":"mappingTemplate","id":"@1","name":"Mapping3 - Copy 1","description":"","autoExpireObject":false,"bundleVersion":"0","assetFrsGuid":"5CHHWphQN7NiYv0XxiBVwa","templateId":"@3","hasParameters":false,"valid":true,"fixedConnection":true,"hasParametersDeployed":false,"fixedConnectionDeployed":false,"isSchemaValidationEnabled":false,"tasks":0,"mappingPreviewFileRecordId":"@2","documentType":"MAPPING","references":[{"@type":"reference","refObjectId":"@5c62m33mf5EfN6Q3AYnviv","refType":"connection"},{"@type":"reference","refObjectId":"@2RDGEV1nNj0bD8owpHUnsI","refType":"connection"}]}]