[{"@type":"mappingTemplate","id":"@1","name":"Mapping_Person_LoadbyBID","description":"fdf","autoExpireObject":false,"bundleVersion":"0","assetFrsGuid":"92KE2ujb3bHiZd57bIqyOn","templateId":"@3","hasParameters":false,"valid":true,"fixedConnection":true,"hasParametersDeployed":false,"fixedConnectionDeployed":false,"isSchemaValidationEnabled":false,"tasks":1,"mappingPreviewFileRecordId":"@2","documentType":"MAPPING","references":[{"@type":"reference","refObjectId":"@6AavwAS0gM6hHib9uhxw6U","refType":"connection"},{"@type":"reference","refObjectId":"@2RDGEV1nNj0bD8owpHUnsI","refType":"connection"}]}]