[{"@type":"mtTask","id":"@1","name":"infac360sf_mt_salesforce_account_hierarchy_inbound","description":"Runs the mapping that maps the fields of the Account Hierarchy nodes from Salesforce with the fields of the Salesforce Account Hierarchy to import hierarchy data.","autoExpireObject":false,"runtimeEnvironmentId":"@1wABJGb7N8agmW9fYUtAYy","maxLogs":10,"verbose":false,"mappingId":"@4rEudcye1o4fVnD4m7GLwu","frsGuid":"59TRCZLZSK4kUHZMcHOTij","shortDescription":"Runs the mapping that maps the fields of the Accou...","sessionPropertiesList":[{"name":"Allow Temporary Sequence for Pushdown","value":"NO","recommended":false},{"name":"Allow Temporary View for Pushdown","value":"NO","recommended":false},{"name":"Pushdown Optimization","value":"None","recommended":false},{"name":"Pushdown Optimization Context","value":"None","recommended":false},{"name":"Run Only In Pushdown Mode","value":"NO","recommended":false}],"hidden":false,"enableCrossSchemaPushdown":true,"enableParallelRun":false,"autoTunedApplied":false,"autoTunedAppliedType":"NONE","paramFileType":"PARAM_FILE_LOCAL","schemaMode":"async","valid":true,"schemaValidationErrorCount":-1,"parameterFileEncoding":"UTF-8","serverlessProperties":{},"taskProperties":[{"@type":"taskProperty","name":"parameterFileDir","currentValue":"","type":"STRING","label":"label.parameterFileDir","required":false},{"@type":"taskProperty","name":"parameterFileName","currentValue":"","type":"STRING","label":"label.parameterFileName","required":false},{"@type":"taskProperty","name":"outboundMessageUrlQueueTime","currentValue":"","type":"NUMBER","label":"label.outboundMessageUrlQueueTime","required":false},{"@type":"taskProperty","name":"outboundMessageUrlToken","currentValue":"","type":"STRING","label":"label.outboundMessageUrlToken","required":false}],"isMidstreamPreview":false,"parameters":[{"@type":"mtTaskParameter","id":4622609,"name":"$src_salesforce_account$","type":"EXTENDED_SOURCE","label":"p_src_system_connection","description":"Parameter to specify name of the source system connection that needs to be used for inbound","uiProperties":{"cnxtype":"Salesforce","connDefault":"infac360sf_conn_salesforce","connectionParameterized":"true","paramName":"p_src_system_connection","paramLabel":"","paramType-mapping":"Connection","logcnx":"p_src_system_connection","isSelectDistinct":"false","isMsrcFilterParameterized":"false","isMsrcSortParameterized":"false","objectParameterized":"false","visible":"false","originalPath":"src_salesforce_account"},"sourceConnectionId":"@065J11jl0kblXMK8E7Lhon","newFlatFile":false,"newObject":false,"showBusinessNames":true,"naturalOrder":true,"truncateTarget":false,"bulkApiDBTarget":false,"customFuncCfg":{"@type":"customFuncConfig","id":-1,"connections":[],"inputMap":[],"outputFields":[]},"targetRefsV2":{},"targetUpdateColumns":[],"extendedObject":{"@type":"extendedObject","object":{"@type":"mObject","name":"Account","label":"Account","metadataUpdated":false,"relations":[],"children":[{"@type":"mObject","name":"Account","label":"Account","metadataUpdated":false,"relations":[{"@type":"objectRelation","object1":"Account","object2":"Account","field1":"Id","field2":"ParentId","relationshipName":"Parent","relationshipType":"Child","joinType":"INNER","joinOperator":"EQUALS"}],"children":[]}]},"advancedFilterExpression":"$$v_source_filter_condition","singleMode":false,"objects":[{"@type":"mObject","name":"Account","label":"Account","metadataUpdated":false,"relations":[],"children":[{"@type":"mObject","name":"Account","label":"Account","metadataUpdated":false,"relations":[{"@type":"objectRelation","object1":"Account","object2":"Account","field1":"Id","field2":"ParentId","relationshipName":"Parent","relationshipType":"Child","joinType":"INNER","joinOperator":"EQUALS"}],"children":[]}]}],"filters":[],"sortFields":[]},"runtimeAttrs":{"Flush Interval":"300","Use queryAll":"NO","Enable Bulk V2 Query":"NO","SOQL Filter Condition":"","Row Limit":"0","CDC End Timestamp":"","CDC Start Timestamp":"","Enable Bulk Query":"NO","CDC Time Limit":"0","Use SystemModstamp for CDC":"NO"},"isRESTModernSource":true,"isFileList":false,"handleSpecialChars":false,"handleDecimalRoundOff":false,"frsAsset":false,"dynamicFileName":false,"excludeDynamicFileNameField":false,"currentlyProcessedFileName":false,"retainFieldMetadata":false,"useExactSrcNames":false,"userUpdated":true,"tgtObjectAttributes":{},"runtimeParameterData":{"@type":"mtTaskRuntimeParameterData","isConnectionRuntimeParameter":false,"isObjectRuntimeParameter":false,"connectionParameterName":"p_src_system_connection"},"overridableProperties":[],"overriddenFields":[]},{"@type":"mtTaskParameter","id":4622610,"name":"$tgt_dummy$","type":"TARGET","label":"p_src_system_connection","description":"Parameter to specify name of the source system connection that needs to be used for inbound","uiProperties":{"cnxtype":"Salesforce","connDefault":"infac360sf_conn_salesforce","connectionParameterized":"true","paramName":"p_src_system_connection","paramLabel":"","paramType-mapping":"Connection","logcnx":"p_src_system_connection","default":"Account","objectParameterized":"false","visible":"false","defaultTargetUpdateColumns":"","supportApplyDDLChanges":"false","originalPath":"tgt_dummy"},"targetConnectionId":"@065J11jl0kblXMK8E7Lhon","targetObject":"Account","targetObjectLabel":"Account","newFlatFile":false,"newObject":false,"showBusinessNames":true,"naturalOrder":true,"truncateTarget":false,"bulkApiDBTarget":false,"operationType":"Insert","customFuncCfg":{"@type":"customFuncConfig","id":-1,"connections":[],"inputMap":[],"outputFields":[]},"targetRefsV2":{},"targetUpdateColumns":[],"extendedObject":{"@type":"extendedObject","singleMode":true,"filters":[],"sortFields":[]},"runtimeAttrs":{},"isRESTModernSource":true,"isFileList":false,"handleSpecialChars":false,"handleDecimalRoundOff":false,"frsAsset":false,"dynamicFileName":false,"excludeDynamicFileNameField":false,"currentlyProcessedFileName":false,"retainFieldMetadata":false,"objectName":"Account","objectLabel":"Account","useExactSrcNames":false,"userUpdated":true,"tgtObjectAttributes":{},"runtimeParameterData":{"@type":"mtTaskRuntimeParameterData","isConnectionRuntimeParameter":false,"isObjectRuntimeParameter":false,"connectionParameterName":"p_src_system_connection"},"overridableProperties":[],"overriddenFields":[]},{"@type":"mtTaskParameter","id":4622611,"name":"$tgt_mdm_org$","type":"H_TARGET","label":"tgt_mdm_org","uiProperties":{"connectionParameterized":"false","objectParameterized":"false","visible":"false","defaultTargetUpdateColumns":"","supportApplyDDLChanges":"false","originalPath":"tgt_mdm_org"},"targetConnectionId":"@agra6hklvi7j17gzbPkuio","targetObject":"Home/Custom Assets/Hierarchies/Salesforce Account Hierarchy(id=salesforce_account_hierarchy_hierarchy)","newFlatFile":false,"newObject":false,"showBusinessNames":false,"naturalOrder":true,"truncateTarget":false,"bulkApiDBTarget":false,"customFuncCfg":{"@type":"customFuncConfig","id":-1,"connections":[],"inputMap":[],"outputFields":[]},"targetRefsV2":{},"targetUpdateColumns":[],"extendedObject":{"@type":"extendedObject","singleMode":true,"filters":[],"sortFields":[]},"runtimeAttrs":{},"isRESTModernSource":true,"isFileList":false,"handleSpecialChars":false,"handleDecimalRoundOff":false,"frsAsset":false,"dynamicFileName":false,"excludeDynamicFileNameField":false,"currentlyProcessedFileName":false,"retainFieldMetadata":false,"objectName":"Home/Custom Assets/Hierarchies/Salesforce Account Hierarchy(id=salesforce_account_hierarchy_hierarchy)","useExactSrcNames":false,"userUpdated":true,"metadataVersion":"0","tgtObjectAttributes":{},"runtimeParameterData":{"@type":"mtTaskRuntimeParameterData","isConnectionRuntimeParameter":false,"isObjectRuntimeParameter":false},"overridableProperties":[],"overriddenFields":[]},{"@type":"mtTaskParameter","id":4622612,"name":"$p_field_name_1$","type":"STRING","text":"LastModifiedDate","label":"p_field_name_1","description":"Parameter to specify name of the field that needs to be used for min\\/max calculation","uiProperties":{"paramName":"p_field_name_1","paramLabel":"","paramType-mapping":"Field","default":"LastModifiedDate","paramtype":"Field","originalPath":"exp_set_variables"},"newFlatFile":false,"newObject":false,"showBusinessNames":true,"naturalOrder":true,"truncateTarget":false,"bulkApiDBTarget":false,"customFuncCfg":{"@type":"customFuncConfig","id":-1,"connections":[],"inputMap":[],"outputFields":[]},"targetRefsV2":{},"targetUpdateColumns":[],"runtimeAttrs":{},"isRESTModernSource":true,"isFileList":false,"handleSpecialChars":false,"handleDecimalRoundOff":false,"frsAsset":false,"dynamicFileName":false,"excludeDynamicFileNameField":false,"currentlyProcessedFileName":false,"retainFieldMetadata":false,"useExactSrcNames":false,"userUpdated":true,"tgtObjectAttributes":{},"runtimeParameterData":{"@type":"mtTaskRuntimeParameterData","isConnectionRuntimeParameter":false,"isObjectRuntimeParameter":false},"overridableProperties":[],"overriddenFields":[]},{"@type":"mtTaskParameter","id":4622613,"name":"$p_field_name_2$","type":"STRING","text":"Customer360_Sync_Date__c","label":"p_field_name_2","description":"Parameter to specify name of the field that needs to be used for min\\/max calculation","uiProperties":{"paramName":"p_field_name_2","paramLabel":"","paramType-mapping":"Field","default":"Customer360_Sync_Date__c","paramtype":"Field","originalPath":"exp_set_variables"},"newFlatFile":false,"newObject":false,"showBusinessNames":true,"naturalOrder":true,"truncateTarget":false,"bulkApiDBTarget":false,"customFuncCfg":{"@type":"customFuncConfig","id":-1,"connections":[],"inputMap":[],"outputFields":[]},"targetRefsV2":{},"targetUpdateColumns":[],"runtimeAttrs":{},"isRESTModernSource":true,"isFileList":false,"handleSpecialChars":false,"handleDecimalRoundOff":false,"frsAsset":false,"dynamicFileName":false,"excludeDynamicFileNameField":false,"currentlyProcessedFileName":false,"retainFieldMetadata":false,"useExactSrcNames":false,"userUpdated":true,"tgtObjectAttributes":{},"runtimeParameterData":{"@type":"mtTaskRuntimeParameterData","isConnectionRuntimeParameter":false,"isObjectRuntimeParameter":false},"overridableProperties":[],"overriddenFields":[]}],"sequences":[],"inOutParameters":[{"@type":"mtTaskInOutParameter","id":"-1","name":"jobInstanceId","description":"","initialValue":"","datatype":"STRING","precision":"50","scale":"0","retentionPolicy":"ON_SUCCESS_OR_WARNING","aggregationType":"MAX","currentValue":""},{"@type":"mtTaskInOutParameter","id":"-1","name":"load_type","description":"Parameter to differentiate initial and delta load runs of the mapping","initialValue":"","datatype":"STRING","precision":"10","scale":"0","retentionPolicy":"ON_SUCCESS_OR_WARNING","aggregationType":"MAX","currentValue":""},{"@type":"mtTaskInOutParameter","id":"-1","name":"v_max_field_1","description":"Parameter to persist the maximum value of input field specified in p_field_name_1","initialValue":"1900-01-01T00:00:00Z","datatype":"STRING","precision":"255","scale":"0","retentionPolicy":"ON_SUCCESS_OR_WARNING","aggregationType":"MAX","currentValue":"1900-01-01T00:00:00Z"},{"@type":"mtTaskInOutParameter","id":"-1","name":"v_max_field_2","description":"Parameter to persist the maximum value of input field specified in p_field_name_2","initialValue":"1900-01-01T00:00:00Z","datatype":"STRING","precision":"255","scale":"0","retentionPolicy":"ON_SUCCESS_OR_WARNING","aggregationType":"MAX","currentValue":"1900-01-01T00:00:00Z"},{"@type":"mtTaskInOutParameter","id":"-1","name":"v_min_field_1","description":"Parameter to persist the minimum value of input field specified in p_field_name_1","initialValue":"2099-12-31T23:59:00Z","datatype":"STRING","precision":"255","scale":"0","retentionPolicy":"ON_SUCCESS_OR_WARNING","aggregationType":"MIN","currentValue":"2099-12-31T23:59:00Z"},{"@type":"mtTaskInOutParameter","id":"-1","name":"v_min_field_2","description":"Parameter to persist the minimum value of input field specified in p_field_name_2","initialValue":"2099-12-31T23:59:00Z","datatype":"STRING","precision":"255","scale":"0","retentionPolicy":"ON_SUCCESS_OR_WARNING","aggregationType":"MIN","currentValue":"2099-12-31T23:59:00Z"},{"@type":"mtTaskInOutParameter","id":"-1","name":"v_field_type_1","description":"Parameter to specify the data type for p_field_name_1","initialValue":"Date","datatype":"STRING","precision":"100","scale":"0","retentionPolicy":"ON_SUCCESS_OR_WARNING","aggregationType":"MAX","currentValue":"Date"},{"@type":"mtTaskInOutParameter","id":"-1","name":"v_field_type_2","description":"Parameter to specify the data type for p_field_name_2","initialValue":"Date","datatype":"STRING","precision":"100","scale":"0","retentionPolicy":"ON_SUCCESS_OR_WARNING","aggregationType":"MAX","currentValue":"Date"},{"@type":"mtTaskInOutParameter","id":"-1","name":"v_temp_max_field_1","description":"Temporary parameter used for mapping's internal logic to persist the maximum value of input field specified in p_field_name_1. Do not use this value in v_source_filter_condition, it might give unexpected results. Use v_max_field_1 instead.","initialValue":"01/01/1900 00:00:00.000000","datatype":"STRING","precision":"255","scale":"0","retentionPolicy":"ON_SUCCESS_OR_WARNING","aggregationType":"MAX","currentValue":"01/01/1900 00:00:00.000000"},{"@type":"mtTaskInOutParameter","id":"-1","name":"v_temp_max_field_2","description":"Temporary parameter used for mapping's internal logic to persist the maximum value of input field specified in p_field_name_2. Do not use this value in v_source_filter_condition, it might give unexpected results. Use v_max_field_2 instead.","initialValue":"01/01/1900 00:00:00.000000","datatype":"STRING","precision":"255","scale":"0","retentionPolicy":"ON_SUCCESS_OR_WARNING","aggregationType":"MAX","currentValue":"01/01/1900 00:00:00.000000"},{"@type":"mtTaskInOutParameter","id":"-1","name":"v_temp_min_field_1","description":"Temporary parameter used for mapping's internal logic to persist the minimum value of input field specified in p_field_name_1. Do not use this value in v_source_filter_condition, it might give unexpected results. Use v_min_field_1 instead","initialValue":"12/31/2099 23:59:00.000000","datatype":"STRING","precision":"255","scale":"0","retentionPolicy":"ON_SUCCESS_OR_WARNING","aggregationType":"MIN","currentValue":"12/31/2099 23:59:00.000000"},{"@type":"mtTaskInOutParameter","id":"-1","name":"v_temp_min_field_2","description":"Temporary parameter used for mapping's internal logic to persist the minimum value of input field specified in p_field_name_2. Do not use this value in v_source_filter_condition, it might give unexpected results. Use v_min_field_2 instead.","initialValue":"12/31/2099 23:59:00.000000","datatype":"STRING","precision":"255","scale":"0","retentionPolicy":"ON_SUCCESS_OR_WARNING","aggregationType":"MIN","currentValue":"12/31/2099 23:59:00.000000"},{"@type":"mtTaskInOutParameter","id":"-1","name":"v_source_filter_condition","description":"Parameter used to pass the source filter condition to be used to extract the source records from Salesforce.","initialValue":"ParentId!=NULL AND (lastmodifieddate>$$v_max_field_1 OR (customer360_Sync_Date__c<$$v_previous_session_start_time OR customer360_Sync_Date__c=NULL))","datatype":"STRING","precision":"1000","scale":"0","retentionPolicy":"NEVER","aggregationType":"MAX","currentValue":"ParentId!=NULL AND (lastmodifieddate>$$v_max_field_1 OR (customer360_Sync_Date__c<$$v_previous_session_start_time OR customer360_Sync_Date__c=NULL))"},{"@type":"mtTaskInOutParameter","id":"-1","name":"v_previous_session_start_time","description":"Parameter used to persist the start time of the previous session.","initialValue":"1900-01-01T00:00:00Z","datatype":"STRING","precision":"255","scale":"0","retentionPolicy":"ON_SUCCESS_OR_WARNING","aggregationType":"MAX","currentValue":"1900-01-01T00:00:00Z"}],"connRuntimeAttrs":[]}]