[{"@type":"mappingTemplate","id":"@1","name":"m_Target_Creation","description":"","bundleVersion":"0","templateId":"@3","deployTime":1691651052000,"hasParameters":false,"valid":true,"fixedConnection":true,"hasParametersDeployed":false,"fixedConnectionDeployed":true,"isSchemaValidationEnabled":false,"tasks":2,"mappingPreviewFileRecordId":"@2","documentType":"MAPPING","references":[{"@type":"reference","refObjectId":"@lLOLRKXmaWrfctoZ6Xg34A","refType":"connection"},{"@type":"reference","refObjectId":"@2GGVR2QXf4pdFsIHHfJoqw","refType":"connection"}]}]