[{"@type":"mappingTemplate","id":"@1","name":"m_loadxml_webservice - Copy 1","description":"","autoExpireObject":false,"bundleVersion":"0","assetFrsGuid":"6oiDX69SlF5bFMyRVhPmoT","templateId":"@3","hasParameters":false,"valid":true,"fixedConnection":true,"hasParametersDeployed":false,"fixedConnectionDeployed":false,"isSchemaValidationEnabled":false,"tasks":0,"mappingPreviewFileRecordId":"@2","documentType":"MAPPING","references":[{"@type":"reference","refObjectId":"@12LHkFp4CKEfQayIefpa0O","refType":"connection"},{"@type":"reference","refObjectId":"@lM5qd5qXnsAdjn6JzW4wGa@sampletest","refType":"businessOperation"},{"@type":"reference","refObjectId":"@lM5qd5qXnsAdjn6JzW4wGa","refType":"businessService"}]}]