[{"@type":"dssTask","id":"@1","name":"lookupnew - Copy 1","description":"","autoExpireObject":false,"errorTaskEmail":{"@type":"taskEmail","id":118054,"emails":"mani.deepthi2001@gmail.com","emailType":"ERROR"},"successTaskEmail":{"@type":"taskEmail","id":118055,"emails":"mani.deepthi2001@gmail.com","emailType":"SUCCESS"},"warningTaskEmail":{"@type":"taskEmail","id":118056,"emails":"mani.deepthi2001@gmail.com","emailType":"WARNING"},"maxLogs":10,"sourceConnectionId":"@26lbJG5vOYkb3S8oJUVS8q","targetConnectionId":"@26lbJG5vOYkb3S8oJUVS8q","targetObject":"Lookup.csv","targetObjectLabel":"Lookup.csv","operation":"Insert","maxRows":0,"truncateTarget":false,"bulkApiDBTarget":false,"verbose":false,"srcFlatFileAttrs":{"@type":"flatFileAttrs","id":1240027,"delimiter":",","textQualifier":"\"","escapeChar":"","headerLineNo":1,"firstDataRow":2,"rowDelimiter":0,"consecutiveDelimiter":false,"multiDelimitersAsAnd":true,"firstDataRowAsHeader":false},"tgtFlatFileAttrs":{"@type":"flatFileAttrs","id":1240028,"delimiter":",","textQualifier":"\"","escapeChar":"","headerLineNo":1,"firstDataRow":2,"rowDelimiter":0,"consecutiveDelimiter":false,"multiDelimitersAsAnd":true,"firstDataRowAsHeader":false},"targetMetadataUpdated":false,"modelVersion":"V3-R600","queryAll":false,"srcSettings":{"@type":"taskDataSourceSetting","isShowLabels":false,"isNaturalOrder":true},"tgtSettings":{"@type":"taskDataSourceSetting","isShowLabels":false,"isNaturalOrder":true},"cfSettings":{"@type":"taskDataSourceSetting","isShowLabels":false,"isNaturalOrder":true},"bulkApi":false,"bulkApiSerialMode":false,"bulkApiMonitor":false,"isTargetObjectSfCustom":false,"allowNullUpdates":false,"targetBatchSize":200,"assignmentRuleId":"-1","assignmentRuleType":"None","createSuccessFile":false,"bulkApiHardDelete":false,"srcRuntimeAttrs":{"@type":"taskRuntimeAttrs","attrs":{}},"tgtRuntimeAttrs":{"@type":"taskRuntimeAttrs","attrs":{}},"parameterFileEncoding":"UTF-8","serverlessProperties":{},"sourceObjects":[{"@type":"mObject","name":"Student.csv","label":"Student.csv","metadataUpdated":false,"relations":[],"children":[]}],"advancedFilters":[],"filters":[],"fieldMaps":[{"@type":"fieldMap","id":"20069117","targetField":{"@type":"field","id":110718334,"name":"Stud_id","type":"nstring","uniqueName":"Stud_id","label":"Stud_id","parentObject":"Lookup.csv","pcType":"UNISTRING","precision":255,"scale":0,"columnIndex":0,"isKey":false,"isWaterMarkKey":false,"isExternalId":false,"isSfIdLookup":false,"isNullable":true,"isUnique":false,"isCreateable":false,"isUpdateable":true,"isFilterable":true,"isCalculated":false,"filterType":"STRING","showLabel":false,"naturalOrder":0,"typeConfigFields":[],"typeConfigProperties":{},"linkedFields":["Stud_id"],"relatedInfos":[],"references":[]},"expression":"Stud_id"},{"@type":"fieldMap","id":"20069118","targetField":{"@type":"field","id":110718335,"name":"Stud_name","type":"nstring","uniqueName":"Stud_name","label":"Stud_name","parentObject":"Lookup.csv","pcType":"UNISTRING","precision":255,"scale":0,"columnIndex":1,"isKey":false,"isWaterMarkKey":false,"isExternalId":false,"isSfIdLookup":false,"isNullable":true,"isUnique":false,"isCreateable":false,"isUpdateable":true,"isFilterable":true,"isCalculated":false,"filterType":"STRING","showLabel":false,"naturalOrder":0,"typeConfigFields":[],"typeConfigProperties":{},"linkedFields":["Stud_name"],"relatedInfos":[],"references":[]},"expression":"Stud_name"},{"@type":"fieldMap","id":"20069119","targetField":{"@type":"field","id":110718336,"name":"Marks","type":"nstring","uniqueName":"Marks","label":"Marks","parentObject":"Lookup.csv","pcType":"UNISTRING","precision":255,"scale":0,"columnIndex":2,"isKey":false,"isWaterMarkKey":false,"isExternalId":false,"isSfIdLookup":false,"isNullable":true,"isUnique":false,"isCreateable":false,"isUpdateable":true,"isFilterable":true,"isCalculated":false,"filterType":"STRING","showLabel":false,"naturalOrder":0,"typeConfigFields":[],"typeConfigProperties":{},"linkedFields":["Stud_id"],"relatedInfos":[],"references":[]},"lookup":{"@type":"lookup","id":"76834","connectionId":"@26lbJG5vOYkb3S8oJUVS8q","object":"Marks.csv","objectLabel":"Marks.csv","outputField":{"@type":"field","id":110718337,"name":"Marks","type":"nstring","uniqueName":"Marks","label":"Marks","parentObject":"Marks.csv","pcType":"UNISTRING","precision":255,"scale":0,"columnIndex":1,"isKey":false,"isWaterMarkKey":false,"isExternalId":false,"isSfIdLookup":false,"isNullable":true,"isUnique":false,"isCreateable":false,"isUpdateable":true,"isFilterable":true,"isCalculated":false,"filterType":"STRING","showLabel":true,"naturalOrder":0,"typeConfigFields":[],"typeConfigProperties":{},"linkedFields":[],"relatedInfos":[],"references":[]},"multiplicityError":true,"settings":{"@type":"taskDataSourceSetting","isShowLabels":false,"isNaturalOrder":true},"objectRelations":[{"@type":"objectRelationExt","object1":"Student.csv","object2":"Marks.csv","field1":{"@type":"field","id":110718338,"name":"Stud_id","type":"nstring","uniqueName":"Stud_id","label":"Stud_id","parentObject":"Student.csv","pcType":"UNISTRING","precision":255,"scale":0,"columnIndex":0,"isKey":false,"isWaterMarkKey":false,"isExternalId":false,"isSfIdLookup":false,"isNullable":true,"isUnique":false,"isCreateable":false,"isUpdateable":true,"isFilterable":true,"isCalculated":false,"filterType":"STRING","showLabel":true,"naturalOrder":0,"typeConfigFields":[],"typeConfigProperties":{},"linkedFields":["Stud_id"],"relatedInfos":[],"references":[]},"field2":{"@type":"field","id":110718339,"name":"Stud_id","type":"string","uniqueName":"Stud_id","label":"Stud_id","parentObject":"Marks.csv","pcType":"STRING","precision":255,"scale":0,"columnIndex":0,"isKey":false,"isWaterMarkKey":false,"isExternalId":false,"isSfIdLookup":false,"isNullable":true,"isUnique":false,"isCreateable":false,"isUpdateable":true,"isFilterable":true,"isCalculated":false,"filterType":"STRING","showLabel":true,"naturalOrder":0,"typeConfigFields":[],"typeConfigProperties":{},"linkedFields":[],"relatedInfos":[],"references":[]}}]}}],"sourceFields":[{"@type":"field","id":110718340,"name":"Stud_id","type":"nstring","uniqueName":"Stud_id","label":"Stud_id","parentObject":"Student.csv","pcType":"UNISTRING","precision":255,"scale":0,"columnIndex":0,"isKey":false,"isWaterMarkKey":false,"isExternalId":false,"isSfIdLookup":false,"isNullable":true,"isUnique":false,"isCreateable":false,"isUpdateable":true,"isFilterable":true,"isCalculated":false,"filterType":"STRING","showLabel":false,"naturalOrder":0,"typeConfigFields":[],"typeConfigProperties":{},"linkedFields":["Stud_id","Marks"],"relatedInfos":[],"references":[]},{"@type":"field","id":110718341,"name":"Stud_name","type":"nstring","uniqueName":"Stud_name","label":"Stud_name","parentObject":"Student.csv","pcType":"UNISTRING","precision":255,"scale":0,"columnIndex":1,"isKey":false,"isWaterMarkKey":false,"isExternalId":false,"isSfIdLookup":false,"isNullable":true,"isUnique":false,"isCreateable":false,"isUpdateable":true,"isFilterable":true,"isCalculated":false,"filterType":"STRING","showLabel":false,"naturalOrder":0,"typeConfigFields":[],"typeConfigProperties":{},"linkedFields":["Stud_name"],"relatedInfos":[],"references":[]},{"@type":"field","id":110718342,"name":"Class","type":"nstring","uniqueName":"Class","label":"Class","parentObject":"Student.csv","pcType":"UNISTRING","precision":255,"scale":0,"columnIndex":2,"isKey":false,"isWaterMarkKey":false,"isExternalId":false,"isSfIdLookup":false,"isNullable":true,"isUnique":false,"isCreateable":false,"isUpdateable":true,"isFilterable":true,"isCalculated":false,"filterType":"STRING","showLabel":false,"naturalOrder":0,"typeConfigFields":[],"typeConfigProperties":{},"linkedFields":[],"relatedInfos":[],"references":[]}],"sortFields":[],"groupFields":[]}]