[{"@type":"mappingTemplate","id":"@1","name":"Map_sum_src","description":"","bundleVersion":"0","templateId":"@3","deployTime":1680757919000,"hasParameters":false,"valid":true,"fixedConnection":true,"hasParametersDeployed":false,"fixedConnectionDeployed":true,"isSchemaValidationEnabled":false,"tasks":0,"mappingPreviewFileRecordId":"@2","documentType":"MAPPING","references":[{"@type":"reference","refObjectId":"@gtPoQvtWlefcGXpnnOpG0A","refType":"connection"},{"@type":"reference","refObjectId":"@1fghsK7TH0chDhmI9v9vYN","refType":"connection"}]}]