[{"@type":"mappingTemplate","id":"@1","name":"m_04611669 - Copy 1","description":"oracle to snowflake ","autoExpireObject":false,"bundleVersion":"0","assetFrsGuid":"0ErdfECyCulklkG9xVz1yC","templateId":"@3","hasParameters":false,"valid":true,"fixedConnection":true,"hasParametersDeployed":false,"fixedConnectionDeployed":false,"isSchemaValidationEnabled":false,"tasks":0,"mappingPreviewFileRecordId":"@2","documentType":"MAPPING","references":[{"@type":"reference","refObjectId":"@1ereGl9KV2hilKGM40NSYg","refType":"connection"},{"@type":"reference","refObjectId":"@dxdCxzsFuEtjuoaQWstRyt","refType":"connection"}]}]