[{"@type":"mappingTemplate","id":"@1","name":"m_linux_deepthi","description":"","bundleVersion":"0","templateId":"@3","deployTime":1702376028000,"hasParameters":false,"valid":true,"fixedConnection":true,"hasParametersDeployed":false,"fixedConnectionDeployed":true,"isSchemaValidationEnabled":false,"tasks":1,"mappingPreviewFileRecordId":"@2","documentType":"MAPPING","references":[{"@type":"reference","refObjectId":"@aj078r2FehVkSErgOJmFml","refType":"connection"},{"@type":"reference","refObjectId":"@iRBg7ULCfoXgAOgSUxWO8s","refType":"connection"}]}]