[{"@type":"mappingTemplate","id":"@1","name":"MappingRelationship","description":"","autoExpireObject":false,"bundleVersion":"0","assetFrsGuid":"025n5Ab28o6iXT12kncgCf","templateId":"@3","hasParameters":false,"valid":true,"fixedConnection":true,"hasParametersDeployed":false,"fixedConnectionDeployed":false,"isSchemaValidationEnabled":false,"tasks":1,"mappingPreviewFileRecordId":"@2","documentType":"MAPPING","references":[{"@type":"reference","refObjectId":"@5c62m33mf5EfN6Q3AYnviv","refType":"connection"},{"@type":"reference","refObjectId":"@2RDGEV1nNj0bD8owpHUnsI","refType":"connection"}]}]