[{"@type":"mappingTemplate","id":"@1","name":"m_ff_mysql","description":"","autoExpireObject":false,"bundleVersion":"0","assetFrsGuid":"bbQyI45u1qrkVjqbujOk0a","templateId":"@3","deployTime":1733311599000,"hasParameters":false,"valid":true,"fixedConnection":true,"hasParametersDeployed":false,"fixedConnectionDeployed":true,"isSchemaValidationEnabled":false,"tasks":1,"mappingPreviewFileRecordId":"@2","documentType":"MAPPING","references":[{"@type":"reference","refObjectId":"@5lqN8bP539oh8LKtQQsj85","refType":"connection"},{"@type":"reference","refObjectId":"@2GGVR2QXf4pdFsIHHfJoqw","refType":"connection"}]}]