[{"@type":"dssTask","id":"@1","name":"DB_to_Flatfile-Insert","description":"TEST","maxLogs":10,"sourceConnectionId":"@9JY5YQxRusyf6uZLHWfpIX","targetConnectionId":"@gtPoQvtWlefcGXpnnOpG0A","targetObject":"Account.csv","targetObjectLabel":"Account.csv","operation":"Insert","maxRows":0,"truncateTarget":false,"bulkApiDBTarget":false,"verbose":false,"tgtFlatFileAttrs":{"@type":"flatFileAttrs","id":44572070,"delimiter":",","textQualifier":"\"","escapeChar":"","headerLineNo":1,"firstDataRow":2},"targetMetadataUpdated":false,"modelVersion":"V3-R600","queryAll":false,"srcSettings":{"@type":"taskDataSourceSetting","isShowLabels":false,"isNaturalOrder":true},"tgtSettings":{"@type":"taskDataSourceSetting","isShowLabels":false,"isNaturalOrder":true},"cfSettings":{"@type":"taskDataSourceSetting","isShowLabels":false,"isNaturalOrder":false},"bulkApi":false,"bulkApiSerialMode":false,"bulkApiMonitor":false,"isTargetObjectSfCustom":false,"allowNullUpdates":false,"targetBatchSize":200,"assignmentRuleId":"-1","assignmentRuleType":"None","createSuccessFile":false,"bulkApiHardDelete":false,"srcRuntimeAttrs":{"@type":"taskRuntimeAttrs","attrs":{}},"tgtRuntimeAttrs":{"@type":"taskRuntimeAttrs","attrs":{}},"parameterFileEncoding":"UTF-8","serverlessProperties":{},"sourceObjects":[{"@type":"mObject","name":"ACCOUNT","label":"ACCOUNT","metadataUpdated":false,"relations":[],"children":[]}],"advancedFilters":[],"filters":[],"fieldMaps":[{"@type":"fieldMap","id":"46755039","targetField":{"@type":"field","id":199732858,"name":"Account_Name","type":"nstring","uniqueName":"Account_Name","label":"Account Name","parentObject":"Account.csv","pcType":"UNISTRING","precision":255,"scale":0,"columnIndex":0,"isKey":false,"isWaterMarkKey":false,"isExternalId":false,"isSfIdLookup":false,"isNullable":true,"isUnique":false,"isCreateable":false,"isUpdateable":true,"isFilterable":true,"isCalculated":false,"showLabel":false,"naturalOrder":0,"typeConfigFields":[],"linkedFields":["FULLNAME"],"relatedInfos":[],"references":[]},"expression":"FULLNAME"},{"@type":"fieldMap","id":"46755040","targetField":{"@type":"field","id":199732859,"name":"Account_Type","type":"nstring","uniqueName":"Account_Type","label":"Account Type","parentObject":"Account.csv","pcType":"UNISTRING","precision":255,"scale":0,"columnIndex":1,"isKey":false,"isWaterMarkKey":false,"isExternalId":false,"isSfIdLookup":false,"isNullable":true,"isUnique":false,"isCreateable":false,"isUpdateable":true,"isFilterable":true,"isCalculated":false,"showLabel":false,"naturalOrder":0,"typeConfigFields":[],"linkedFields":[],"relatedInfos":[],"references":[]}},{"@type":"fieldMap","id":"46755041","targetField":{"@type":"field","id":199732860,"name":"Billing_Street","type":"nstring","uniqueName":"Billing_Street","label":"Billing Street","parentObject":"Account.csv","pcType":"UNISTRING","precision":255,"scale":0,"columnIndex":2,"isKey":false,"isWaterMarkKey":false,"isExternalId":false,"isSfIdLookup":false,"isNullable":true,"isUnique":false,"isCreateable":false,"isUpdateable":true,"isFilterable":true,"isCalculated":false,"showLabel":false,"naturalOrder":0,"typeConfigFields":[],"linkedFields":["ADDRESS"],"relatedInfos":[],"references":[]},"expression":"ADDRESS"},{"@type":"fieldMap","id":"46755042","targetField":{"@type":"field","id":199732861,"name":"Billing_City","type":"nstring","uniqueName":"Billing_City","label":"Billing City","parentObject":"Account.csv","pcType":"UNISTRING","precision":255,"scale":0,"columnIndex":3,"isKey":false,"isWaterMarkKey":false,"isExternalId":false,"isSfIdLookup":false,"isNullable":true,"isUnique":false,"isCreateable":false,"isUpdateable":true,"isFilterable":true,"isCalculated":false,"showLabel":false,"naturalOrder":0,"typeConfigFields":[],"linkedFields":["CITY"],"relatedInfos":[],"references":[]},"expression":"CITY"},{"@type":"fieldMap","id":"46755043","targetField":{"@type":"field","id":199732862,"name":"Billing_State_Province","type":"nstring","uniqueName":"Billing_State_Province","label":"Billing State/Province","parentObject":"Account.csv","pcType":"UNISTRING","precision":255,"scale":0,"columnIndex":4,"isKey":false,"isWaterMarkKey":false,"isExternalId":false,"isSfIdLookup":false,"isNullable":true,"isUnique":false,"isCreateable":false,"isUpdateable":true,"isFilterable":true,"isCalculated":false,"showLabel":false,"naturalOrder":0,"typeConfigFields":[],"linkedFields":[],"relatedInfos":[],"references":[]}},{"@type":"fieldMap","id":"46755044","targetField":{"@type":"field","id":199732863,"name":"Billing_Country","type":"nstring","uniqueName":"Billing_Country","label":"Billing Country","parentObject":"Account.csv","pcType":"UNISTRING","precision":255,"scale":0,"columnIndex":5,"isKey":false,"isWaterMarkKey":false,"isExternalId":false,"isSfIdLookup":false,"isNullable":true,"isUnique":false,"isCreateable":false,"isUpdateable":true,"isFilterable":true,"isCalculated":false,"showLabel":false,"naturalOrder":0,"typeConfigFields":[],"linkedFields":[],"relatedInfos":[],"references":[]}},{"@type":"fieldMap","id":"46755045","targetField":{"@type":"field","id":199732864,"name":"AccountExternalId","type":"number","uniqueName":"AccountExternalId","label":"AccountExternalId","parentObject":"Account.csv","pcType":"HIPRECDECIMAL","precision":38,"scale":0,"columnIndex":6,"isKey":false,"isWaterMarkKey":false,"isExternalId":false,"isSfIdLookup":false,"isNullable":true,"isUnique":false,"isCreateable":false,"isUpdateable":true,"isFilterable":true,"isCalculated":false,"showLabel":false,"naturalOrder":0,"typeConfigFields":[],"linkedFields":["ACCID"],"relatedInfos":[],"references":[]},"expression":"ACCID"},{"@type":"fieldMap","id":"46755046","targetField":{"@type":"field","id":199732865,"name":"Account_Number","type":"number","uniqueName":"Account_Number","label":"Account Number","parentObject":"Account.csv","pcType":"HIPRECDECIMAL","precision":38,"scale":0,"columnIndex":7,"isKey":false,"isWaterMarkKey":false,"isExternalId":false,"isSfIdLookup":false,"isNullable":true,"isUnique":false,"isCreateable":false,"isUpdateable":true,"isFilterable":true,"isCalculated":false,"showLabel":false,"naturalOrder":0,"typeConfigFields":[],"linkedFields":["ACCNUMBER"],"relatedInfos":[],"references":[]},"expression":"ACCNUMBER"}],"sourceFields":[{"@type":"field","id":199732866,"name":"ACCID","type":"decimal","uniqueName":"ACCID","label":"ACCID","parentObject":"ACCOUNT","pcType":"HIPRECDECIMAL","precision":38,"scale":0,"columnIndex":0,"isKey":true,"isWaterMarkKey":false,"isExternalId":false,"isSfIdLookup":false,"isNullable":false,"isUnique":true,"isCreateable":false,"isUpdateable":true,"isFilterable":true,"isCalculated":false,"showLabel":false,"naturalOrder":0,"typeConfigFields":[],"linkedFields":["AccountExternalId"],"relatedInfos":[{"@type":"fieldRelatedInfo","id":7210922,"referenceObject":"ORDERS","referenceField":{"@type":"field","id":199732867,"name":"ACCID","uniqueName":"ACCID","label":"ACCID","precision":0,"scale":0,"columnIndex":-1,"isKey":false,"isWaterMarkKey":false,"isExternalId":false,"isSfIdLookup":false,"isNullable":true,"isUnique":false,"isCreateable":false,"isUpdateable":true,"isFilterable":true,"isCalculated":false,"showLabel":true,"naturalOrder":0,"typeConfigFields":[],"linkedFields":[],"relatedInfos":[],"references":[]}}],"references":[]},{"@type":"field","id":199732868,"name":"LASTNAME","type":"varchar","uniqueName":"LASTNAME","label":"LASTNAME","parentObject":"ACCOUNT","pcType":"STRING","precision":255,"scale":0,"columnIndex":1,"isKey":false,"isWaterMarkKey":false,"isExternalId":false,"isSfIdLookup":false,"isNullable":true,"isUnique":false,"isCreateable":false,"isUpdateable":true,"isFilterable":true,"isCalculated":false,"showLabel":false,"naturalOrder":1,"typeConfigFields":[],"linkedFields":[],"relatedInfos":[],"references":[]},{"@type":"field","id":199732869,"name":"FIRSTNAME","type":"varchar","uniqueName":"FIRSTNAME","label":"FIRSTNAME","parentObject":"ACCOUNT","pcType":"STRING","precision":255,"scale":0,"columnIndex":2,"isKey":false,"isWaterMarkKey":false,"isExternalId":false,"isSfIdLookup":false,"isNullable":true,"isUnique":false,"isCreateable":false,"isUpdateable":true,"isFilterable":true,"isCalculated":false,"showLabel":false,"naturalOrder":2,"typeConfigFields":[],"linkedFields":[],"relatedInfos":[],"references":[]},{"@type":"field","id":199732870,"name":"ADDRESS","type":"varchar","uniqueName":"ADDRESS","label":"ADDRESS","parentObject":"ACCOUNT","pcType":"STRING","precision":255,"scale":0,"columnIndex":3,"isKey":false,"isWaterMarkKey":false,"isExternalId":false,"isSfIdLookup":false,"isNullable":true,"isUnique":false,"isCreateable":false,"isUpdateable":true,"isFilterable":true,"isCalculated":false,"showLabel":false,"naturalOrder":3,"typeConfigFields":[],"linkedFields":["Billing_Street"],"relatedInfos":[],"references":[]},{"@type":"field","id":199732871,"name":"CITY","type":"varchar","uniqueName":"CITY","label":"CITY","parentObject":"ACCOUNT","pcType":"STRING","precision":255,"scale":0,"columnIndex":4,"isKey":false,"isWaterMarkKey":false,"isExternalId":false,"isSfIdLookup":false,"isNullable":true,"isUnique":false,"isCreateable":false,"isUpdateable":true,"isFilterable":true,"isCalculated":false,"showLabel":false,"naturalOrder":4,"typeConfigFields":[],"linkedFields":["Billing_City"],"relatedInfos":[],"references":[]},{"@type":"field","id":199732872,"name":"ACCNUMBER","type":"decimal","uniqueName":"ACCNUMBER","label":"ACCNUMBER","parentObject":"ACCOUNT","pcType":"HIPRECDECIMAL","precision":38,"scale":0,"columnIndex":5,"isKey":false,"isWaterMarkKey":false,"isExternalId":false,"isSfIdLookup":false,"isNullable":true,"isUnique":false,"isCreateable":false,"isUpdateable":true,"isFilterable":true,"isCalculated":false,"showLabel":false,"naturalOrder":5,"typeConfigFields":[],"linkedFields":["Account_Number"],"relatedInfos":[],"references":[]},{"@type":"field","id":199732873,"name":"FULLNAME","type":"varchar","uniqueName":"FULLNAME","label":"FULLNAME","parentObject":"ACCOUNT","pcType":"STRING","precision":255,"scale":0,"columnIndex":6,"isKey":false,"isWaterMarkKey":false,"isExternalId":false,"isSfIdLookup":false,"isNullable":true,"isUnique":false,"isCreateable":false,"isUpdateable":true,"isFilterable":true,"isCalculated":false,"showLabel":false,"naturalOrder":6,"typeConfigFields":[],"linkedFields":["Account_Name"],"relatedInfos":[],"references":[]}],"sortFields":[],"groupFields":[]}]