[{"@type":"mappingTemplate","id":"@1","name":"Mapping_IBMMQ","description":"","autoExpireObject":false,"bundleVersion":"0","assetFrsGuid":"7SP4AjW0BlhcH7vMWHkJIe","templateId":"@3","deployTime":1728383566000,"hasParameters":false,"valid":true,"fixedConnection":true,"hasParametersDeployed":false,"fixedConnectionDeployed":true,"isSchemaValidationEnabled":false,"tasks":0,"mappingPreviewFileRecordId":"@2","documentType":"MAPPING","references":[{"@type":"reference","refObjectId":"@jOjAbsjeUIgfdAT0qkSjsd","refType":"connection"},{"@type":"reference","refObjectId":"@2vp5qgM0t8gfydjBjdiJkk","refType":"connection"}]}]