[{"@type":"mappingTemplate","id":"@1","name":"m_SQL_Transformation_Checkin_Smitha","description":"","bundleVersion":"0","templateId":"@3","deployTime":1711691053000,"hasParameters":false,"valid":true,"fixedConnection":true,"hasParametersDeployed":false,"fixedConnectionDeployed":true,"isSchemaValidationEnabled":false,"tasks":1,"mappingPreviewFileRecordId":"@2","documentType":"MAPPING","references":[{"@type":"reference","refObjectId":"@4fU8oRZPSiIg1pYuSoJ5Wd","refType":"connection"},{"@type":"reference","refObjectId":"@59QvnPbxbIVkUYoDv1rnGE","refType":"connection"}]}]