[{"@type":"mappingTemplate","id":"@1","name":"m_parameterizedmapping_source","description":"","autoExpireObject":false,"bundleVersion":"0","assetFrsGuid":"3YZ7wDOQe5DhTxpMzrJjCl","templateId":"@3","deployTime":1727418704000,"hasParameters":true,"valid":true,"fixedConnection":true,"hasParametersDeployed":true,"fixedConnectionDeployed":true,"isSchemaValidationEnabled":false,"tasks":1,"mappingPreviewFileRecordId":"@2","documentType":"MAPPING","references":[{"@type":"reference","refObjectId":"@2GGVR2QXf4pdFsIHHfJoqw","refType":"connection"},{"@type":"reference","refObjectId":"@2vp5qgM0t8gfydjBjdiJkk","refType":"connection"}]}]